wri_id,coord_source,latitude,longitude
WRI1000003,GEO,-5.52665,13.62064
WRI1000004,GEO,-10.7184,27.2839
WRI1000005,GEO,-10.7452,27.2447
WRI1000007,GEO,-10.5024,25.4458
WRI1000009,GEO,-2.63344,28.90266
WRI1000011,GEO,6.3,0.06
WRI1000012,GEO,8.2789,-2.2354
WRI1000014,GEO,6.12,0.126
WRI1000015,GEO,4.97184,-1.6584
WRI1000016,GEO,5.6741,0.01266
WRI1000020,GEO,-15.7688,26.02026
WRI1000021,GEO,-16.5222,28.7619
WRI1000022,GEO,-15.80889497,28.41989279
WRI1000023,GEO,-12.9884,30.8649
WRI1000025,GEO,5.0694,8.3403
WRI1000026,GEO,6.40646,5.68276
WRI1000027,GEO,4.798,5.897
WRI1000028,GEO,5.9254,5.645
WRI1000029,GEO,5.39,6.6632
WRI1000030,GEO,5.06697,7.321638
WRI1000031,GEO,6.8976,3.2071
WRI1000032,GEO,6.7357,4.7106
WRI1000034,GEO,4.5644,7.568
WRI1000035,GEO,9.9724,6.83532
WRI1000036,GEO,9.86409,4.61241
WRI1000037,GEO,9.138,4.7883
WRI1000039,GEO,-0.79665478,37.74971008
WRI1000040,GEO,-0.80927,37.68671
WRI1000041,GEO,-0.64,37.91
WRI1000042,GEO,-0.806,37.811
WRI1000043,GEO,-0.879,37.588
WRI1000046,GEO,-0.78543,37.2654
WRI1000047,GEO,1.913754239,35.34430504
WRI1000048,GEO,-0.88934188,36.25565529
WRI1000050,GEO,-4.04,39.638
WRI1000051,GEO,-4.03787,39.6333
WRI1000052,GEO,-4.03787,39.6333
WRI1000055,GEO,8.3932,39.352
WRI1000056,GEO,11.8196,36.9181
WRI1000057,GEO,9.558,37.3663
WRI1000058,GEO,9.558,37.3663
WRI1000059,GEO,7.83487,37.3236
WRI1000060,GEO,7.75712,37.5624
WRI1000061,GEO,8.4684,39.1588
WRI1000062,GEO,7.1761,39.4311
WRI1000063,GEO,13.3492,38.74049
WRI1000064,GEO,11.4887,37.5999
WRI1000067,GEO,30.12385,31.23757
WRI1000069,GEO,29.86695,31.29139
WRI1000070,GEO,30.108,31.266
WRI1000072,GEO,29.87567,31.3194
WRI1000073,GEO,30.054,31.0456
WRI1000074,GEO,30.2483,30.9471
WRI1000075,GEO,31.38148,31.72358
WRI1000077,GEO,30.40245,32.30864
WRI1000078,GEO,30.4659,31.9269
WRI1000079,GEO,30.4653,31.9234
WRI1000080,GEO,31.3822,31.7196
WRI1000081,GEO,31.4423,31.6064
WRI1000082,GEO,31.25632,32.31711
WRI1000083,GEO,31.1162,33.6824
WRI1000084,GEO,29.91153,32.5948
WRI1000085,GEO,27.8773,34.30483
WRI1000086,GEO,27.122,33.82
WRI1000087,GEO,29.2392,32.5983
WRI1000088,GEO,29.6188,32.3532
WRI1000089,GEO,31.09952,32.52024
WRI1000090,GEO,31.06225,31.39211
WRI1000091,GEO,30.69926,30.66712
WRI1000092,GEO,31.1759,30.5289
WRI1000093,GEO,31.1851,30.5291
WRI1000094,GEO,30.4974,31.2234
WRI1000095,GEO,31.1293,30.1932
WRI1000096,GEO,31.08175,30.4293
WRI1000097,GEO,31.21585,29.99531
WRI1000098,GEO,31.176,29.914
WRI1000099,GEO,31.2694,30.1409
WRI1000100,GEO,31.043,29.6652
WRI1000102,GEO,27.2111,31.1614
WRI1000104,GEO,27.1757,31.2013
WRI1000105,GEO,29.2793,31.2486
WRI1000106,GEO,23.97211,32.88285
WRI1000107,GEO,23.97211,32.88285
WRI1000108,GEO,25.3177,32.5544
WRI1000109,GEO,26.15220217,32.14530945
WRI1000110,GEO,-15.5859,32.7047
WRI1000111,GEO,-19.1557,33.145
WRI1000112,GEO,-25.21854,32.13417
WRI1000115,GEO,-33.88354516,18.53571653
WRI1000116,GEO,-33.5921,18.4599
WRI1000117,GEO,-25.9449,29.7914
WRI1000118,GEO,-26.62144969,30.0900507
WRI1000119,GEO,-25.96190319,29.33864594
WRI1000120,GEO,-28.56854228,29.08269882
WRI1000121,GEO,-30.62624316,25.50390244
WRI1000122,GEO,-34.16684,21.9609
WRI1000123,GEO,-26.77005845,28.49664688
WRI1000124,GEO,-26.0331,29.6005
WRI1000125,GEO,-26.08971,28.96909
WRI1000126,GEO,-26.0899,29.4725
WRI1000127,GEO,-26.256,29.179
WRI1000128,GEO,-26.74276,27.9764
WRI1000129,GEO,-27.10086,29.7702
WRI1000130,GEO,-23.66936744,27.61156082
WRI1000131,GEO,-26.2817,29.14064
WRI1000132,GEO,-34.19875,18.9743
WRI1000133,GEO,-33.02866173,27.88112283
WRI1000135,GEO,-26.77695507,29.35229301
WRI1000136,GEO,-29.99354122,24.72966671
WRI1000137,GEO,-33.6766,18.4322
WRI1000138,GEO,40.2287,69.1005
WRI1000139,GEO,40.9233,69.8174
WRI1000140,GEO,41.3822,69.3677
WRI1000141,GEO,40.1569,65.3104
WRI1000142,GEO,38.4809,65.6315
WRI1000143,GEO,42.3175,59.5553
WRI1000144,GEO,41.0047,70.1235
WRI1000145,GEO,40.449,71.782
WRI1000146,GEO,41.627,69.969
WRI1000147,GEO,41.599,69.8644
WRI1000150,GEO,41.4471,69.5578
WRI1000153,GEO,40.1924,69.3048
WRI1000155,GEO,13.5979,99.8841
WRI1000156,GEO,13.536,99.743
WRI1000157,GEO,13.604,99.8877
WRI1000158,GEO,15.1771,101.4514
WRI1000160,GEO,18.296,99.752
WRI1000161,GEO,13.501,101.0253
WRI1000162,GEO,13.8129,100.5092
WRI1000163,GEO,7.9934,99.0482
WRI1000164,GEO,13.617,100.559
WRI1000165,GEO,16.682,102.7422
WRI1000167,GEO,6.95532,100.7076
WRI1000169,GEO,14.2324,100.7805
WRI1000170,GEO,14.8007,101.5579
WRI1000171,GEO,14.8007,101.5579
WRI1000172,GEO,17.2426,98.9723
WRI1000173,GEO,17.7634,100.5636
WRI1000174,GEO,8.9723,98.807
WRI1000175,GEO,14.407,99.1291
WRI1000176,GEO,16.5362,101.65
WRI1000177,GEO,14.799,98.5966
WRI1000178,GEO,15.28194,105.46833
WRI1000179,GEO,6.1555,101.273
WRI1000180,GEO,14.2336,99.2359
WRI1000186,GEO,34.91032309,128.1085253
WRI1000187,GEO,37.23693992,126.4360929
WRI1000189,GEO,34.8393264,127.6907873
WRI1000190,GEO,37.36418837,127.1482301
WRI1000191,GEO,36.402,126.49
WRI1000192,GEO,36.3951,126.486
WRI1000193,GEO,33.53517057,126.5961456
WRI1000194,GEO,36.13576053,126.49611
WRI1000195,GEO,37.5111,126.6078
WRI1000196,GEO,36.904,126.233
WRI1000197,GEO,37.00406065,126.7945862
WRI1000198,GEO,37.00748,126.7953
WRI1000199,GEO,37.5363,126.6027
WRI1000200,GEO,35.9836,126.7307
WRI1000201,GEO,35.08507935,129.000349
WRI1000202,GEO,34.95120679,127.82125
WRI1000208,GEO,37.05425238,126.5132761
WRI1000209,GEO,35.47541967,129.3812227
WRI1000212,GEO,37.64750495,126.7973328
WRI1000213,GEO,35.3199,129.2948
WRI1000214,GEO,35.32713,129.30174
WRI1000215,GEO,35.7111,129.4743
WRI1000216,GEO,35.7221,129.4786
WRI1000217,GEO,35.4105,126.4175
WRI1000218,GEO,37.0931,129.383
WRI1000228,GEO,6.3404,100.1568
WRI1000230,GEO,5.3752,100.374
WRI1000231,GEO,5.3803,100.3147
WRI1000232,GEO,5.2153,101.098
WRI1000233,GEO,5.4297,101.2092
WRI1000237,GEO,5.407,101.301
WRI1000238,GEO,5.625,101.703056
WRI1000239,GEO,5.0229,102.9109
WRI1000243,GEO,4.3908,100.5894
WRI1000244,GEO,4.3923,100.5897
WRI1000246,GEO,3.0433,101.4696
WRI1000247,GEO,2.9659,101.6847
WRI1000248,GEO,2.7977,101.6493
WRI1000250,GEO,2.533,101.7912
WRI1000253,GEO,2.2238,102.1519
WRI1000254,GEO,1.334,103.5422
WRI1000255,GEO,4.1586,100.6423
WRI1000256,GEO,2.5916,101.7246
WRI1000257,GEO,4.6017,103.4495
WRI1000258,GEO,4.6017,103.4495
WRI1000260,GEO,6.0887,116.1574
WRI1000261,GEO,6.0918,116.163
WRI1000262,GEO,6.0918,116.163
WRI1000263,GEO,6.09086,116.1667
WRI1000265,GEO,5.8124,118.0642
WRI1000274,GEO,4.2826,117.888
WRI1000275,GEO,4.2826,117.889
WRI1000277,GEO,2.9322,112.1922
WRI1000280,GEO,1.1472,111.8743
WRI1000281,GEO,3.288,113.0926
WRI1000283,GEO,5.1545,102.6054
WRI1000285,GEO,1.334,103.5422
WRI1000286,GEO,51.888,75.377
WRI1000287,GEO,52.023,75.475
WRI1000288,GEO,52.0685,76.874
WRI1000290,GEO,52.367,76.9338
WRI1000291,GEO,52.023,75.475
WRI1000292,GEO,43.2935,76.7992
WRI1000293,GEO,52.367,76.9338
WRI1000298,GEO,49.9012,82.7183
WRI1000299,GEO,49.9161,73.2365
WRI1000300,GEO,-44.3416,170.1813
WRI1000301,GEO,-44.564,170.1972
WRI1000302,GEO,-44.656,170.3551
WRI1000303,GEO,-44.6747,170.3989
WRI1000304,GEO,-45.5214,167.2778
WRI1000305,GEO,-37.5444,175.15
WRI1000306,GEO,-37.5444,175.15
WRI1000307,GEO,-37.5444,175.15
WRI1000312,GEO,-38.8068,177.1508
WRI1000313,GEO,-44.01385,170.46042
WRI1000314,GEO,-41.3617,175.4851
WRI1000315,GEO,-37.9243,175.5393
WRI1000316,GEO,-38.0714,175.6433
WRI1000317,GEO,-38.292,175.6835
WRI1000318,GEO,-38.3521,175.7465
WRI1000319,GEO,-38.3918,175.8082
WRI1000320,GEO,-38.5312,175.9268
WRI1000321,GEO,-38.3918,176.0222
WRI1000322,GEO,-38.408,176.0886
WRI1000323,GEO,-38.6158,176.1425
WRI1000325,GEO,-38.6125,176.1932
WRI1000326,GEO,-38.6143,176.1825
WRI1000327,GEO,-38.0631,176.7272
WRI1000328,GEO,-45.1793,169.307
WRI1000331,GEO,-38.6266,176.1055
WRI1000332,GEO,-38.5279,176.2937
WRI1000334,GEO,-38.6664,176.117
WRI1000337,GEO,-39.3829,176.8875
WRI1000339,GEO,-38.1141,176.8162
WRI1000343,GEO,-41.0861,172.7325
WRI1000344,GEO,-43.364,171.5269
WRI1000347,GEO,-45.7854,169.9205
WRI1000348,GEO,-45.8816,169.9774
WRI1000349,GEO,38.3717,69.3481
WRI1000350,GEO,38.0435,69.0583
WRI1000351,GEO,38.2674,69.1237
WRI1000352,GEO,37.8839,68.937
WRI1000353,GEO,40.2759,69.815
WRI1000356,GEO,38.6122,68.7767
WRI1000359,GEO,38.586,68.7785
WRI1000361,GEO,38.296,68.932
WRI1000363,GEO,22.5353237,120.336771
WRI1000364,GEO,24.2131,120.485
WRI1000365,GEO,24.2131,120.485
WRI1000366,GEO,22.85193505,120.1990557
WRI1000367,GEO,22.85577106,120.1971674
WRI1000368,GEO,25.1572,121.7398
WRI1000370,GEO,25.027,121.048
WRI1000371,GEO,24.07832229,120.4116368
WRI1000372,GEO,23.50724137,120.4351759
WRI1000373,GEO,25.12034139,121.2991744
WRI1000374,GEO,24.4905,120.6694
WRI1000377,GEO,22.601,120.2995
WRI1000378,GEO,25.2860578,121.5873671
WRI1000379,GEO,25.2025,121.66286
WRI1000380,GEO,21.95888211,120.7501439
WRI1000384,GEO,23.8364,120.867778
WRI1000442,GEO,23.8364,120.867778
WRI1000452,GEO,30.82305,111.00333
WRI1000456,GEO,22.638,100.4323
WRI1000457,GEO,27.3483,100.5057
WRI1000464,GEO,30.73972,111.2722
WRI1000468,GEO,23.75876,113.9451
WRI1000474,GEO,30.4703,119.605833
WRI1000475,GEO,34.9239,112.3653
WRI1000478,GEO,30.4368,110.3374
WRI1000481,GEO,42.7264,127.2244
WRI1000487,GEO,30.4678,111.13833
WRI1000492,GEO,32.5565,111.49123
WRI1000507,GEO,32.2127,110.1575
WRI1000509,GEO,32.6763,110.5228
WRI1000616,GEO,42.612,141.805
WRI1000617,GEO,37.99625,139.2373
WRI1000618,GEO,37.666,141.0165
WRI1000619,GEO,39.7839,140.0487
WRI1000620,GEO,40.1912,139.9911
WRI1000621,GEO,35.3421,139.8319
WRI1000622,GEO,35.9409,140.6888
WRI1000624,GEO,35.46189,139.977
WRI1000625,GEO,35.48447,140.01723
WRI1000626,GEO,35.47678,139.67896
WRI1000627,GEO,35.56477,140.1053
WRI1000628,GEO,35.21477,139.7173
WRI1000629,GEO,35.4954,139.745
WRI1000630,GEO,35.547,140.0724
WRI1000631,GEO,35.51228,139.76257
WRI1000632,GEO,35.4042,139.637
WRI1000633,GEO,35.6199,139.7559
WRI1000634,GEO,35.61464,139.75665
WRI1000635,GEO,36.4368,140.6138
WRI1000636,GEO,35.0076,136.69
WRI1000637,GEO,34.8352,136.9609
WRI1000638,GEO,34.9867,136.8436
WRI1000639,GEO,35.0645,136.8767
WRI1000640,GEO,34.6536,137.0665
WRI1000641,GEO,35.0067,136.8637
WRI1000642,GEO,34.9734,136.6462
WRI1000643,GEO,35.0326,136.8303
WRI1000644,GEO,34.8244,136.9238
WRI1000645,GEO,36.7654,137.1286
WRI1000647,GEO,35.6724,136.08154
WRI1000648,GEO,34.15203,135.18762
WRI1000650,GEO,33.86,135.153056
WRI1000651,GEO,34.6177,135.4048
WRI1000652,GEO,35.527,135.342
WRI1000653,GEO,34.77344,134.694
WRI1000654,GEO,34.77344,134.694
WRI1000655,GEO,34.32156,135.12806
WRI1000656,GEO,34.7413,134.3786
WRI1000657,GEO,34.7742,134.4568
WRI1000658,GEO,33.95297,132.12476
WRI1000659,GEO,34.51440725,133.6873055
WRI1000660,GEO,34.7797,131.9215
WRI1000661,GEO,33.969,131.1634
WRI1000662,GEO,34.3419,133.84416
WRI1000663,GEO,33.8787,134.65345
WRI1000664,GEO,33.26725,131.707583
WRI1000665,GEO,33.9078,130.8614
WRI1000666,GEO,32.4855,130.0429
WRI1000667,GEO,33.6261,131.1202
WRI1000668,GEO,31.8579,130.1997
WRI1000670,GEO,33.3552,129.6925
WRI1000671,GEO,34.3373,132.9572
WRI1000672,GEO,35.4036,139.6419
WRI1000674,GEO,43.03672412,140.5124903
WRI1000675,GEO,41.188,141.39028
WRI1000676,GEO,38.4,141.5
WRI1000677,GEO,37.4218,141.0337
WRI1000678,GEO,37.3164,141.0265
WRI1000679,GEO,37.42592108,138.5941016
WRI1000680,GEO,34.6235,138.14209
WRI1000681,GEO,37.06092843,136.7264699
WRI1000682,GEO,35.7024,135.9634
WRI1000683,GEO,35.52232957,135.5036497
WRI1000684,GEO,35.54240034,135.654433
WRI1000685,GEO,35.53786,132.9991
WRI1000686,GEO,33.4909,132.3088
WRI1000687,GEO,33.5152,129.83596
WRI1000688,GEO,31.83352944,130.1887042
WRI1000689,GEO,36.42150204,140.6028209
WRI1000690,GEO,35.7519,136.0189
WRI1000691,GEO,42.6066,142.5569
WRI1000692,GEO,42.44813,142.62358
WRI1000693,GEO,37.453,139.6019
WRI1000694,GEO,36.4739,137.6897
WRI1000695,GEO,36.8014,139.0406
WRI1000696,GEO,36.8295,139.6632
WRI1000697,GEO,36.99366,139.86708
WRI1000698,GEO,35.7175,138.8742
WRI1000699,GEO,36.1325,137.7182
WRI1000701,GEO,36.15478,137.7474
WRI1000702,GEO,36.91139,139.0564
WRI1000703,GEO,37.055,138.6828
WRI1000704,GEO,35.738651,136.67093
WRI1000705,GEO,35.195,137.4627
WRI1000708,GEO,35.7306,137.1405
WRI1000710,GEO,35.2406,134.8617
WRI1000711,GEO,35.1306,134.7108
WRI1000712,GEO,34.11778,135.8211
WRI1000713,GEO,34.8806,135.8463
WRI1000716,GEO,34.5625,132.516667
WRI1000717,GEO,34.82105,133.40283
WRI1000719,GEO,32.2478,131.3735
WRI1000720,GEO,33.32803,130.1066
WRI1000721,GEO,32.42057,130.7021
WRI1000722,GEO,32.195,131.323
WRI1000723,GEO,35.1258,137.7606
WRI1000724,GEO,37.3448,139.90866
WRI1000726,GEO,37.0938,139.91158
WRI1000728,GEO,37.15333,139.25
WRI1000729,GEO,37.3118,139.2876
WRI1000730,GEO,35.09082,137.8047
WRI1000731,GEO,34.0412,135.97533
WRI1000732,GEO,36.26832,136.6483
WRI1000733,GEO,35.88944,136.688056
WRI1000734,GEO,36.13825,136.910806
WRI1000735,GEO,37.2147,139.21389
WRI1000762,GEO,-6.523,107.389
WRI1000792,GEO,-3.766,102.435
WRI1000800,GEO,-7.3927,109.6054
WRI1000829,GEO,-7.6517,113.0244
WRI1000830,GEO,-7.1633,112.6615
WRI1000836,GEO,-6.0867,106.9987
WRI1000837,GEO,-6.0867,106.9987
WRI1000875,GEO,-7.6517,113.0244
WRI1000876,GEO,-7.1633,112.6615
WRI1000879,GEO,-6.1087,106.7877
WRI1000880,GEO,-6.1087,106.7877
WRI1000881,GEO,-6.1087,106.7877
WRI1000882,GEO,-6.0867,106.9987
WRI1000883,GEO,-6.0867,106.9987
WRI1000887,GEO,-6.9505,110.434
WRI1000914,GEO,-6.0585,106.4646
WRI1000916,GEO,-6.0585,106.4646
WRI1000919,GEO,-3.7316,103.7975
WRI1000920,GEO,-7.751337487,109.0186214
WRI1000921,GEO,-6.7704,108.6151
WRI1000938,GEO,-7.0242,106.5464
WRI1000939,GEO,-6.27473,107.97043
WRI1000940,GEO,-6.636,111.4749
WRI1000941,GEO,-8.2613,111.3742
WRI1000960,GEO,-0.6094,100.7535
WRI1000961,GEO,-7.71367,113.5795
WRI1000962,GEO,-7.71435,113.5814
WRI1000963,GEO,-7.71414,113.5835
WRI1000964,GEO,-7.71414,113.5835
WRI1000982,GEO,-5.892,106.03
WRI1000984,GEO,-6.9507,110.4304
WRI1000988,GEO,-3.7316,103.7975
WRI1000990,GEO,-6.446,110.7423
WRI1000991,GEO,-6.446,110.7423
WRI1001005,GEO,-6.9126,107.3663
WRI1001049,GEO,15.0595,106.7644
WRI1001050,GEO,18.4375,102.947
WRI1001051,GEO,18.5308,102.5472
WRI1001053,GEO,17.997,104.9524
WRI1001057,GEO,18.2606,104.5625
WRI1001058,GEO,15.5034,106.2764
WRI1001059,GEO,18.9213,102.7404
WRI1001060,GEO,23.8712,91.3602
WRI1001061,GEO,23.76893,68.64472
WRI1001062,GEO,10.4547,77.0078
WRI1001064,GEO,32.2258,77.207
WRI1001065,GEO,16.33,75.8863
WRI1001068,GEO,31.2717,76.49377
WRI1001069,GEO,24.2007,82.8
WRI1001072,GEO,24.201,82.7891
WRI1001073,GEO,25.1797,76.3188
WRI1001074,GEO,26.6282,79.5286
WRI1001077,GEO,28.506,77.3066
WRI1001078,GEO,33.18151,75.31546
WRI1001079,GEO,32.8063,76.14178
WRI1001081,GEO,18.1396,82.1221
WRI1001082,GEO,22.9956,88.4042
WRI1001084,GEO,24.19166752,81.28749897
WRI1001086,GEO,23.807,91.565
WRI1001087,GEO,25.3999,86.0218
WRI1001088,GEO,22.94166732,79.92500028
WRI1001092,GEO,13.1021,80.2682
WRI1001093,GEO,31.43056,78.24097
WRI1001094,GEO,31.9546,76.7986
WRI1001097,GEO,15.1932,76.7195
WRI1001099,GEO,31.4107,76.4328
WRI1001103,GEO,11.2428,77.8659
WRI1001104,GEO,11.2428,77.8659
WRI1001105,GEO,21.184,81.4237
WRI1001106,GEO,18.4426,73.3498
WRI1001107,GEO,18.4426,73.3498
WRI1001108,GEO,18.9368,73.4527
WRI1001109,GEO,21.0483,75.8425
WRI1001113,GEO,23.785,85.88
WRI1001117,GEO,22.4673,88.14
WRI1001118,GEO,32.4584,76.532
WRI1001121,GEO,32.4734,76.2552
WRI1001124,GEO,23.7376,86.1273
WRI1001127,GEO,24.6217,77.0357
WRI1001128,GEO,30.5559,77.7915
WRI1001129,GEO,29.97598413,78.22031111
WRI1001130,GEO,34.4903,76.11365
WRI1001133,GEO,28.603,77.6078
WRI1001134,GEO,28.5932,77.6101
WRI1001135,GEO,31.4133,76.8686
WRI1001136,GEO,21.6923,72.6215
WRI1001137,GEO,30.4561,77.7368
WRI1001138,GEO,30.4354,77.6821
WRI1001139,GEO,19.9545,72.7478
WRI1001142,GEO,26.7024,77.8492
WRI1001145,GEO,17.89943594,81.82960078
WRI1001146,GEO,26.2325,94.2612
WRI1001148,GEO,33.3691,75.7985
WRI1001149,GEO,23.58,87.2043
WRI1001150,GEO,23.58,87.2043
WRI1001154,GEO,20.27975,78.9761
WRI1001155,GEO,13.2016,80.3112
WRI1001156,GEO,21.10844339,72.65160084
WRI1001159,GEO,24.772,87.894
WRI1001162,GEO,21.8242,73.1136
WRI1001165,GEO,24.69969413,75.55290643
WRI1001166,GEO,31.268,76.492
WRI1001167,GEO,17.0386,82.1286
WRI1001171,GEO,19.5334,73.6509
WRI1001173,GEO,26.0446,71.2535
WRI1001174,GEO,30.53066,77.49683
WRI1001175,GEO,30.2335,74.9247
WRI1001176,GEO,17.0587,82.3097
WRI1001177,GEO,23.4263,91.8223
WRI1001180,GEO,21.10844339,72.65160084
WRI1001182,GEO,21.5337,83.8754
WRI1001186,GEO,10.207,76.7137
WRI1001187,GEO,9.8503,77.0555
WRI1001189,GEO,22.27910698,76.47280742
WRI1001193,GEO,25.8888,71.3236
WRI1001194,GEO,16.9314,81.8613
WRI1001195,GEO,14.2273,74.79937
WRI1001197,GEO,17.297,73.212
WRI1001202,GEO,23.30450248,73.82537842
WRI1001203,GEO,14.89081152,74.39158885
WRI1001204,GEO,25.2349,87.2635
WRI1001205,GEO,14.865,74.4385
WRI1001206,GEO,18.3839,79.8264
WRI1001207,GEO,9.3275,76.9717
WRI1001209,GEO,14.95503465,74.59044441
WRI1001210,GEO,15.2761,74.5268
WRI1001214,GEO,25.95516,92.51714
WRI1001215,GEO,31.51563,78.1073
WRI1001217,GEO,11.121,79.529
WRI1001218,GEO,22.38895,82.5549
WRI1001221,GEO,27.341,95.408
WRI1001222,GEO,24.7774,76.7375
WRI1001223,GEO,21.175,72.6879
WRI1001227,GEO,25.5177,92.6679
WRI1001228,GEO,30.3508,77.6017
WRI1001229,GEO,28.9232,80.0243
WRI1001230,GEO,30.5085,77.8001
WRI1001231,GEO,18.7817,73.3558
WRI1001234,GEO,24.3858,85.5517
WRI1001236,GEO,22.4157,87.8713
WRI1001237,GEO,16.7346,81.86215
WRI1001238,GEO,16.64,80.5504
WRI1001239,GEO,25.5177,92.6679
WRI1001240,GEO,21.2414,79.096
WRI1001241,GEO,22.3881,82.6858
WRI1001245,GEO,25.1712,75.8171
WRI1001246,GEO,30.25944,78.4971
WRI1001247,GEO,31.268,76.492
WRI1001248,GEO,10.5415,79.4507
WRI1001249,GEO,17.4599,73.684
WRI1001250,GEO,30.4289,77.6296
WRI1001251,GEO,11.2605,76.806
WRI1001253,GEO,23.6626,68.7843
WRI1001255,GEO,11.076,79.57
WRI1001257,GEO,11.54835,75.8983
WRI1001259,GEO,27.0221,94.8833
WRI1001264,GEO,24.587,93.6696
WRI1001265,GEO,34.21893893,74.52807884
WRI1001267,GEO,11.6425,77.7583
WRI1001268,GEO,9.9624,76.957
WRI1001269,GEO,17.86076254,81.68138466
WRI1001272,GEO,18.5323,82.4645
WRI1001276,GEO,24.0077,82.4172
WRI1001277,GEO,28.49,76.351
WRI1001278,GEO,23.5443,74.5062
WRI1001279,GEO,23.7872,86.8184
WRI1001282,GEO,32.0041,77.2494
WRI1001284,GEO,30.7294,78.4238
WRI1001291,GEO,23.4639,87.1311
WRI1001292,GEO,23.4639,87.1311
WRI1001293,GEO,11.7696,77.8138
WRI1001294,GEO,11.8014,77.8085
WRI1001295,GEO,11.7696,77.8138
WRI1001296,GEO,21.0377,78.9334
WRI1001302,GEO,11.6137,76.6919
WRI1001305,GEO,22.823,69.553
WRI1001306,GEO,22.823,69.553
WRI1001307,GEO,15.2666,76.3288
WRI1001308,GEO,26.1953,85.30173
WRI1001309,GEO,25.2354,92.2279
WRI1001313,GEO,16.5677547,79.34416262
WRI1001314,GEO,27.1858,95.376
WRI1001317,GEO,19.9817,73.8896
WRI1001319,GEO,31.564,77.98
WRI1001321,GEO,11.5401,79.4159
WRI1001322,GEO,11.5576,79.4417
WRI1001323,GEO,11.5576,79.4417
WRI1001324,GEO,11.5401,79.4159
WRI1001325,GEO,34.2154,77.1842
WRI1001328,GEO,18.21722437,77.95758963
WRI1001329,GEO,13.245,80.3257
WRI1001332,GEO,24.43746043,82.96548843
WRI1001334,GEO,22.2418,76.1619
WRI1001336,GEO,21.78,72.979
WRI1001339,GEO,10.0314,77.0548
WRI1001340,GEO,34.004,74.9175
WRI1001341,GEO,23.68145,86.7473
WRI1001342,GEO,29.39750587,76.87631607
WRI1001343,GEO,26.4766,80.241
WRI1001345,GEO,8.70654,77.36267
WRI1001346,GEO,20.7147,76.7948
WRI1001348,GEO,25.5124,78.7588
WRI1001349,GEO,18.86845047,76.52536843
WRI1001351,GEO,22.2454,82.7246
WRI1001352,GEO,29.9274,78.0415
WRI1001353,GEO,23.64,85.2931
WRI1001355,GEO,17.0853,82.1283
WRI1001356,GEO,21.48132585,79.20863974
WRI1001358,GEO,9.6266,77.1905
WRI1001359,GEO,20.8986,71.46926
WRI1001360,GEO,18.97663856,78.25632488
WRI1001361,GEO,31.96667,75.9469
WRI1001362,GEO,10.3118,76.617
WRI1001364,GEO,28.7962,77.0706
WRI1001365,GEO,28.7962,77.0706
WRI1001366,GEO,16.3327,77.7041
WRI1001367,GEO,23.1975,86.097
WRI1001368,GEO,11.5336,76.6011
WRI1001375,GEO,16.3532,77.3422
WRI1001376,GEO,21.9846,83.2331
WRI1001377,GEO,28.63638,77.25422
WRI1001378,GEO,24.7635,78.2322
WRI1001379,GEO,29.356,75.869
WRI1001380,GEO,30.5528,76.5705
WRI1001381,GEO,29.5169,78.7574
WRI1001382,GEO,27.336,70.538
WRI1001383,GEO,27.114,88.1376
WRI1001384,GEO,31.4,77.5927
WRI1001385,GEO,27.3426,93.8168
WRI1001387,GEO,32.440394,75.73047638
WRI1001389,GEO,17.559,73.166
WRI1001390,GEO,14.704,78.4577
WRI1001392,GEO,21.2759,85.0355
WRI1001393,GEO,24.027,82.7915
WRI1001395,GEO,28.7327,77.1016
WRI1001397,GEO,23.626,91.1948
WRI1001398,GEO,31.0417,76.5847
WRI1001399,GEO,27.818,79.936
WRI1001402,GEO,9.3098,77.0727
WRI1001403,GEO,24.3696,88.10464
WRI1001404,GEO,33.14199,74.80968
WRI1001405,GEO,22.3049,69.7101
WRI1001406,GEO,12.2995,78.4038
WRI1001407,GEO,9.9751,78.0445
WRI1001408,GEO,31.26415264,78.48345192
WRI1001409,GEO,23.30255,81.0668
WRI1001410,GEO,23.6013,86.4666
WRI1001411,GEO,10.4558,76.8302
WRI1001412,GEO,23.9784,82.6275
WRI1001413,GEO,22.11,78.173
WRI1001414,GEO,9.976,77.0309
WRI1001415,GEO,8.6895,77.3048
WRI1001418,GEO,31.9894,76.8072
WRI1001420,GEO,18.4426,73.3498
WRI1001423,GEO,10.3575,76.879
WRI1001424,GEO,10.3575,76.879
WRI1001425,GEO,22.0971,76.5317
WRI1001426,GEO,22.42083,69.8276
WRI1001427,GEO,17.591,83.09166
WRI1001428,GEO,14.2133,80.0838
WRI1001429,GEO,24.1033,82.7068
WRI1001430,GEO,18.66092102,78.08761168
WRI1001431,GEO,22.13,82.293
WRI1001436,GEO,16.08692939,78.90066769
WRI1001437,GEO,16.08692939,78.90066769
WRI1001439,GEO,21.8144,84.0404
WRI1001441,GEO,21.3395,72.9889
WRI1001443,GEO,21.397,73.106
WRI1001444,GEO,29.179,74.0202
WRI1001445,GEO,9.62,77.2726
WRI1001450,GEO,21.0966,85.074
WRI1001451,GEO,21.0966,85.074
WRI1001453,GEO,29.0057,80.09456
WRI1001454,GEO,26.586,82.602
WRI1001455,GEO,12.9019,74.816
WRI1001456,GEO,19.8294,72.66166
WRI1001459,GEO,27.0017,88.443
WRI1001460,GEO,27.25172,88.46044
WRI1001461,GEO,30.37865097,78.47946167
WRI1001462,GEO,23.75731265,85.89358091
WRI1001463,GEO,14.2133,80.0838
WRI1001465,GEO,15.8094,74.1588
WRI1001467,GEO,21.4129,79.9671
WRI1001468,GEO,22.7318,88.371
WRI1001469,GEO,15.1839,76.6622
WRI1001470,GEO,15.1839,76.6622
WRI1001473,GEO,19.0018,72.8967
WRI1001476,GEO,8.7635,78.1753
WRI1001477,GEO,8.7635,78.1753
WRI1001480,GEO,13.1596,74.8002
WRI1001485,GEO,25.6592,91.9004
WRI1001486,GEO,26.0069,91.8114
WRI1001487,GEO,25.9131,81.3274
WRI1001488,GEO,19.4269,82.8594
WRI1001489,GEO,18.8315,82.5934
WRI1001490,GEO,18.03126824,82.01793368
WRI1001491,GEO,34.19799895,75.12447166
WRI1001492,GEO,18.88,72.9715
WRI1001493,GEO,34.0921,74.03182
WRI1001495,GEO,21.23,72.873
WRI1001496,GEO,21.23,72.873
WRI1001499,GEO,19.7674,73.502
WRI1001501,GEO,13.2371,80.3023
WRI1001502,GEO,9.34836,78.9235
WRI1001503,GEO,13.7027,74.999
WRI1001504,GEO,23.1359,72.457
WRI1001505,GEO,16.9238,81.8141
WRI1001512,GEO,22.87254,73.3588
WRI1001513,GEO,20.2723,78.9793
WRI1001516,GEO,30.10814,77.3257
WRI1001519,GEO,20.80833,105.32389
WRI1001532,GEO,11.289123,107.87367
WRI1001533,GEO,11.2395,107.8384
WRI1001541,GEO,19.1406,104.7141
WRI1001547,GEO,21.1165,106.3068
WRI1001548,GEO,21.039,106.786
WRI1001550,GEO,20.941,106.759
WRI1001551,GEO,21.0116,107.13
WRI1001554,GEO,10.8284,106.7577
WRI1001555,GEO,10.1,105.718
WRI1001556,GEO,10.1332,105.6733
WRI1001557,GEO,10.8284,106.7577
WRI1001558,GEO,10.1,105.718
WRI1001560,GEO,10.604,107.037
WRI1001561,GEO,10.6012,107.0368
WRI1001562,GEO,10.604,107.037
WRI1001581,GEO,10.604,107.037
WRI1001599,GEO,21.6975,106.9765
WRI1001600,GEO,21.577,105.897
WRI1001601,GEO,21.0082,107.358
WRI1001604,GEO,10.642,106.7465
WRI1001607,GEO,10.5975,107.0352
WRI1001609,GEO,9.242,105.0608
WRI1001611,GEO,10.604,107.037
WRI1001621,GEO,24.7857,67.1386
WRI1001622,GEO,24.8483,67.1453
WRI1001623,GEO,24.913,66.9902
WRI1001624,GEO,24.784397,67.36044
WRI1001625,GEO,24.845,66.7888
WRI1001626,GEO,32.392,71.46164
WRI1001627,GEO,24.9057,66.6946
WRI1001628,GEO,30.1725,70.993
WRI1001629,GEO,30.17206631,70.99292278
WRI1001631,GEO,30.5237,71.9555
WRI1001632,GEO,24.84956392,67.14710712
WRI1001633,GEO,30.27730315,66.97398663
WRI1001634,GEO,31.32550501,74.26167727
WRI1001635,GEO,31.26288816,74.18713331
WRI1001636,GEO,28.03183,69.63572
WRI1001638,GEO,31.7322,73.8752
WRI1001639,GEO,31.29110756,74.24888313
WRI1001640,GEO,24.99965244,66.90722108
WRI1001641,GEO,28.58278,68.1782
WRI1001643,GEO,31.6786,74.0839
WRI1001644,GEO,28.027,69.3631
WRI1001645,GEO,27.988,69.671
WRI1001647,GEO,24.9057,66.6946
WRI1001654,GEO,28.58278,68.1782
WRI1001656,GEO,30.44506644,70.98107815
WRI1001657,GEO,34.08891941,72.68614455
WRI1001658,GEO,33.77929,72.25897
WRI1001659,GEO,33.1373,73.6416
WRI1001660,GEO,34.164228,71.35823
WRI1001661,GEO,32.43482,71.37062
WRI1001668,GEO,28.42722238,69.697
WRI1001684,GEO,-35.058,117.782
WRI1001685,GEO,-32.916,115.9186
WRI1001689,GEO,-37.8428,147.5636
WRI1001691,GEO,-16.85086,145.6469
WRI1001692,GEO,-41.736,145.5321
WRI1001693,GEO,-32.395,150.9492
WRI1001694,GEO,-35.4005,148.2476
WRI1001695,GEO,-33.3315,116.227
WRI1001698,GEO,-27.1108,150.9051
WRI1001703,GEO,-24.33385,150.6279
WRI1001706,GEO,-42.4522,146.5977
WRI1001707,GEO,-34.8548,135.5824
WRI1001708,GEO,-37.395,143.107
WRI1001711,GEO,-32.2,115.774
WRI1001712,GEO,-38.2873,141.9645
WRI1001714,GEO,-33.3428,116.2621
WRI1001715,GEO,-33.21,151.5448
WRI1001716,GEO,-26.66361,150.264722
WRI1001718,GEO,-32.1982,115.7744
WRI1001719,GEO,-34.80755,149.40087
WRI1001722,GEO,-36.558,147.5236
WRI1001724,GEO,-37.22186,145.92137
WRI1001725,GEO,-30.477,115.333
WRI1001726,GEO,-33.0622,151.5209
WRI1001727,GEO,-28.8895,115.1178
WRI1001729,GEO,-23.8507,151.2193
WRI1001730,GEO,-42.7405,145.9819
WRI1001733,GEO,-28.904,115.1114
WRI1001735,GEO,-34.696,149.377
WRI1001736,GEO,-36.35,148.41353
WRI1001738,GEO,-33.3487,138.7517
WRI1001745,GEO,-38.2724,146.3912
WRI1001747,GEO,-36.1067,147.0327
WRI1001748,GEO,-19.51700074,147.1070004
WRI1001749,GEO,-38.275,146.42566
WRI1001750,GEO,-42.1548,145.5344
WRI1001755,GEO,-17.76716,145.5777
WRI1001756,GEO,-20.7625,116.8374
WRI1001757,GEO,-20.7625,116.8374
WRI1001759,GEO,-33.16358,115.7805
WRI1001760,GEO,-36.7601,147.1861
WRI1001761,GEO,-26.9164,150.74917
WRI1001762,GEO,-32.1982,115.775
WRI1001763,GEO,-32.1982,115.7744
WRI1001764,GEO,-32.1982,115.7744
WRI1001765,GEO,-32.1982,115.7744
WRI1001766,GEO,-32.202,115.773
WRI1001767,GEO,-32.202,115.773
WRI1001768,GEO,-37.4566,140.7827
WRI1001769,GEO,-37.7712,140.4066
WRI1001770,GEO,-42.2536,146.6206
WRI1001771,GEO,-37.84163,144.78873
WRI1001774,GEO,-42.3763,146.5099
WRI1001775,GEO,-32.3715,150.978
WRI1001776,GEO,-38.2561,146.5864
WRI1001778,GEO,-21.1445,149.1591
WRI1001779,GEO,-41.6994,145.6472
WRI1001782,GEO,-42.6111,146.8457
WRI1001784,GEO,-27.96167,151.27917
WRI1001786,GEO,-38.0631,142.6678
WRI1001788,GEO,-33.6286,136.7022
WRI1001792,GEO,-33.3586,150.0316
WRI1001793,GEO,-19.338,146.8506
WRI1001794,GEO,-33.4462,116.307
WRI1001795,GEO,-33.4462,116.307
WRI1001798,GEO,-36.2425,148.1364
WRI1001799,GEO,-36.2425,148.1364
WRI1001800,GEO,-28.7679,121.893
WRI1001801,GEO,-37.8415,144.89472
WRI1001803,GEO,-32.5429,137.788
WRI1001804,GEO,-27.4185,151.6799
WRI1001806,GEO,-34.7982,138.50757
WRI1001807,GEO,-30.7378,121.5065
WRI1001808,GEO,-34.7652,138.5057
WRI1001810,GEO,-31.5591,115.8208
WRI1001811,GEO,-31.5591,115.8208
WRI1001812,GEO,-32.6472,115.9469
WRI1001814,GEO,-41.8115,146.9192
WRI1001815,GEO,-20.429,118.5498
WRI1001817,GEO,-34.7792,138.5235
WRI1001820,GEO,-41.7242,145.1354
WRI1001821,GEO,-42.5077,146.647
WRI1001823,GEO,-26.3383636,153.0232318
WRI1001824,GEO,-26.5773,148.8401
WRI1001825,GEO,-33.85,150.9495
WRI1001826,GEO,-33.7155,138.14965
WRI1001827,GEO,-37.6318,144.953
WRI1001829,GEO,-23.5099,150.3189
WRI1001830,GEO,-35.5675,138.128
WRI1001833,GEO,-41.14,146.9058
WRI1001835,GEO,-26.7826,151.9151
WRI1001836,GEO,-42.3012,146.457
WRI1001843,GEO,-34.8054,138.5234
WRI1001845,GEO,-41.8175,145.6502
WRI1001847,GEO,-35.8853,148.3703
WRI1001848,GEO,-42.2967,146.4565
WRI1001849,GEO,-35.6112,148.2917
WRI1001850,GEO,-35.1793,147.2159
WRI1001851,GEO,-33.16,151.5446
WRI1001852,GEO,-38.25346,146.588774
WRI1001853,GEO,-32.916,115.9186
WRI1001856,GEO,-35.1258,137.7126
WRI1001857,GEO,-37.352,143.595
WRI1001858,GEO,-42.4272,146.5348
WRI1001861,GEO,-27.3722,152.63194
WRI1001863,GEO,-40.6782,144.6935
WRI1001864,GEO,-33.2358,116.0698
WRI1001865,GEO,-19.2011,146.6187
WRI1001866,GEO,-38.1772,146.3425
WRI1001869,GEO,13.8932,121.745
WRI1001870,GEO,13.9303,120.7886
WRI1001871,GEO,15.5645,119.9233
WRI1001872,GEO,16.1243,120.1012
WRI1001873,GEO,14.2296,121.7558
WRI1001879,GEO,16.4907,120.3261
WRI1001883,GEO,14.3959,121.3337
WRI1001884,GEO,14.5434,120.5987
WRI1001885,GEO,13.7703,121.035
WRI1001886,GEO,13.622,121.0795
WRI1001887,GEO,13.7703,121.035
WRI1001889,GEO,13.0547,123.9678
WRI1001890,GEO,13.4655,123.6486
WRI1001894,GEO,16.1462,120.6837
WRI1001896,GEO,14.3168,121.4739
WRI1001897,GEO,16.8293,121.4537
WRI1001898,GEO,14.2992,121.4705
WRI1001900,GEO,14.9098,121.1603
WRI1001901,GEO,15.8107,121.109
WRI1001902,GEO,16.4588,120.7452
WRI1001903,GEO,16.3944,120.729
WRI1001905,GEO,15.8462,121.1998
WRI1001920,GEO,10.3871,123.6401
WRI1001921,GEO,10.2185,123.7577
WRI1001938,GEO,10.2185,123.7577
WRI1001941,GEO,9.3031,123.2141
WRI1001942,GEO,11.13077,124.65532
WRI1001943,GEO,11.13077,124.65532
WRI1001957,GEO,8.0046,124.28683
WRI1001958,GEO,8.0528,124.2709
WRI1001959,GEO,8.1336,124.1983
WRI1001960,GEO,8.1937,124.1915
WRI1001961,GEO,7.7156,125.0236
WRI1001962,GEO,8.5725,124.7573
WRI1002097,GEO,57.25737,12.10874
WRI1002098,GEO,60.40283,18.17435
WRI1002099,GEO,66.8857,19.8186
WRI1002100,GEO,63.8803,20.0184
WRI1002101,GEO,66.5024,20.3797
WRI1002102,GEO,66.6855,20.3359
WRI1002103,GEO,66.959,19.80232
WRI1002104,GEO,66.8094,19.8968
WRI1002109,GEO,66.2242,20.86
WRI1002112,GEO,58.2804,12.2787
WRI1002118,GEO,66.6314,19.8199
WRI1002125,GEO,60.56368,17.44205
WRI1002127,GEO,55.5167,12.7833
WRI1002130,GEO,58.275,12.2727
WRI1002136,GEO,65.8078,21.6716
WRI1002152,GEO,65.8453,21.5545
WRI1002168,GEO,57.41297,16.66832
WRI1002169,GEO,39.9116,20.10467
WRI1002170,GEO,42.25139,20.04306
WRI1002171,GEO,42.10325,19.82238
WRI1002172,GEO,41.34278,19.8964
WRI1002173,GEO,41.67962,19.83048
WRI1002174,GEO,41.67962,19.89358
WRI1002175,GEO,42.01368,19.63585
WRI1002176,GEO,40.4874,19.434
WRI1002179,GEO,40.78,46.99
WRI1002181,GEO,40.3734,49.9192
WRI1002182,GEO,40.3734,49.9192
WRI1002197,GEO,40.9487,46.168
WRI1002198,GEO,40.4997,50.2077
WRI1002199,GEO,40.6036,49.6332
WRI1002201,GEO,40.6837,47.0926
WRI1002203,GEO,40.9193,46.2829
WRI1002207,GEO,50.4304,4.3955
WRI1002208,GEO,50.6177,5.5837
WRI1002209,GEO,51.24877,3.2166
WRI1002210,GEO,50.5851,5.418
WRI1002212,GEO,51.66,2.8
WRI1002218,GEO,50.4359,6.2106
WRI1002220,GEO,50.3849,5.8618
WRI1002221,GEO,50.3849,5.8618
WRI1002223,GEO,51.32538229,4.259701151
WRI1002224,GEO,50.8023,4.299
WRI1002225,GEO,50.8023,4.299
WRI1002226,GEO,50.8023,4.299
WRI1002229,GEO,50.2233,4.32
WRI1002233,GEO,50.426,5.7328
WRI1002234,GEO,51.2629,3.2112
WRI1002235,GEO,51.2622,3.21315
WRI1002236,GEO,50.5335,5.2962
WRI1002237,GEO,50.4928,5.07
WRI1002239,GEO,50.4665,4.8992
WRI1002240,GEO,50.5922,5.4613
WRI1002241,GEO,50.7517,5.6863
WRI1002242,GEO,50.6517,5.6308
WRI1002250,GEO,49.733,5.377
WRI1002253,GEO,50.9405,5.4906
WRI1002258,GEO,50.4138,4.4067
WRI1002260,GEO,37.9132,-121.9203
WRI1002263,GEO,50.1884,4.3861
WRI1002264,GEO,51.1049,3.7257
WRI1002266,GEO,51.1357,3.7878
WRI1002267,GEO,50.4719,3.8248
WRI1002270,GEO,51.1265,4.3226
WRI1002275,GEO,50.53419312,5.275052105
WRI1002276,GEO,50.53419312,5.275052105
WRI1002277,GEO,50.53419312,5.275052105
WRI1002281,GEO,50.4116,4.0804
WRI1002287,GEO,51.35964,3.2219
WRI1002288,GEO,51.1587,3.8068
WRI1002297,GEO,55.486,7.84
WRI1002325,GEO,60.1841,24.9711
WRI1002350,GEO,61.1669,28.7745
WRI1002445,GEO,60.3708,26.3468
WRI1002450,GEO,60.2833,24.8364
WRI1002454,GEO,61.6317,21.4068
WRI1002473,GEO,61.2371,21.4433
WRI1002474,GEO,61.2371,21.4433
WRI1002492,GEO,63.70194,22.70972
WRI1002525,GEO,60.1656,24.9048
WRI1002552,GEO,61.2104,28.7834
WRI1002578,GEO,63.0914,21.5539
WRI1002593,GEO,60.2199,25.1692
WRI1002594,GEO,60.2199,25.1692
WRI1002688,GEO,42.777,1.677
WRI1002689,GEO,43.976,4.817
WRI1002690,GEO,44.676,4.787
WRI1002691,GEO,45.645,6.445
WRI1002692,GEO,44.824,4.811
WRI1002693,GEO,47.510295,2.87505
WRI1002694,GEO,45.256,-0.6932
WRI1002696,GEO,45.41297268,2.497801781
WRI1002697,GEO,50.2987,3.3156
WRI1002698,GEO,45.011,4.839
WRI1002699,GEO,48.3567,-3.8706
WRI1002700,GEO,44.768,2.684
WRI1002701,GEO,45.79731813,5.27061189
WRI1002702,GEO,44.096,4.724
WRI1002703,GEO,49.41604534,6.216942304
WRI1002704,GEO,45.151,2.01
WRI1002705,GEO,45.3846,6.0021
WRI1002706,GEO,47.22535633,0.16555777
WRI1002707,GEO,50.09,4.789444444
WRI1002708,GEO,46.45633803,0.654807957
WRI1002709,GEO,45.482,6.535
WRI1002710,GEO,45.215,6.712
WRI1002711,GEO,43.4072,4.8676
WRI1002713,GEO,47.27556,-1.877889
WRI1002714,GEO,44.696,2.585
WRI1002715,GEO,48.675,5.8917
WRI1002716,GEO,44.63249113,4.754591201
WRI1002717,GEO,44.4476,6.0616
WRI1002720,GEO,47.73211251,2.518515753
WRI1002721,GEO,48.39,-4.26
WRI1002722,GEO,51.04816,2.32547
WRI1002725,GEO,49.151,6.697
WRI1002726,GEO,47.915,7.571
WRI1002727,GEO,47.90315158,7.563119764
WRI1002728,GEO,49.5365739,-1.882340106
WRI1002730,GEO,46.053,5.813
WRI1002732,GEO,48.404,7.728
WRI1002733,GEO,44.10602816,0.844260231
WRI1002734,GEO,45.146,6.051
WRI1002735,GEO,51.01411055,2.133209336
WRI1002736,GEO,49.47565,0.14913
WRI1002738,GEO,47.655,7.52
WRI1002739,GEO,46.667,4.351
WRI1002740,GEO,45.618,6.79
WRI1002741,GEO,48.154,7.589
WRI1002742,GEO,45.392,2.364
WRI1002743,GEO,43.3585119,5.021612
WRI1002747,GEO,44.734,2.641
WRI1002749,GEO,48.51708487,3.518099493
WRI1002750,GEO,43.921,5.925
WRI1002751,GEO,47.774,7.523
WRI1002752,GEO,49.85822044,0.635370429
WRI1002754,GEO,49.97644086,1.210737982
WRI1002755,GEO,44.479,3.986
WRI1002756,GEO,50.23084,3.8653
WRI1002757,GEO,48.96917462,1.758842468
WRI1002758,GEO,44.06,2.769
WRI1002759,GEO,42.821,0.01
WRI1002760,GEO,43.46723,5.487456
WRI1002761,GEO,48.618,-2.022
WRI1002763,GEO,49.906,4.625
WRI1002764,GEO,48.284,7.678
WRI1002765,GEO,43.527,5.073
WRI1002766,GEO,43.692,5.385
WRI1002767,GEO,45.031,6.079
WRI1002770,GEO,43.737,6.134
WRI1002771,GEO,44.83,2.74
WRI1002773,GEO,44.47,6.269
WRI1002774,GEO,44.21,5.921
WRI1002777,GEO,45.40433857,4.755360309
WRI1002778,GEO,44.945,2.219
WRI1002779,GEO,47.71968992,1.578337634
WRI1002780,GEO,48.526,7.797
WRI1002781,GEO,45.202,6.576
WRI1002782,GEO,44.33113658,4.73112032
WRI1002784,GEO,45.213,6.721
WRI1002785,GEO,48.02007051,7.574257851
WRI1002786,GEO,46.397,5.666
WRI1002790,GEO,65.4161,-19.8198
WRI1002797,GEO,64.20085,-19.24067
WRI1002800,GEO,65.703,-16.774
WRI1002801,GEO,65.5072,-14.3665
WRI1002805,GEO,64.10806,-21.2564
WRI1002806,GEO,63.825,-22.6846
WRI1002807,GEO,64.1732,-19.1271
WRI1002809,GEO,64.1674,-19.6206
WRI1002810,GEO,63.8786,-22.43278
WRI1002813,GEO,51.83468622,-8.236192304
WRI1002814,GEO,51.83468622,-8.236192304
WRI1002815,GEO,52.7056,-8.6128
WRI1002820,GEO,53.2926,-7.0866
WRI1002821,GEO,53.34,-6.2049
WRI1002822,GEO,53.2902,-7.0845
WRI1002824,GEO,52.2793,-6.9935
WRI1002825,GEO,53.4119,-6.3261
WRI1002826,GEO,53.4119,-6.3261
WRI1002832,GEO,51.9,-8.4458
WRI1002834,GEO,52.6074,-9.42365
WRI1002836,GEO,53.3396,-6.1867
WRI1002837,GEO,53.3594,-7.213
WRI1002838,GEO,52.6324,-9.0596
WRI1002839,GEO,52.5893,-9.3632
WRI1002840,GEO,54.1934,-9.2206
WRI1002841,GEO,53.0242,-6.4164
WRI1002842,GEO,53.1658,-8.381
WRI1002843,GEO,53.2735,-8.0403
WRI1002844,GEO,51.8161,-8.2511
WRI1002845,GEO,39.7118,16.215
WRI1002846,GEO,37.1183,15.1394
WRI1002847,GEO,43.6411,13.3796
WRI1002853,GEO,42.8971,12.5381
WRI1002854,GEO,40.6432,17.98023
WRI1002855,GEO,40.56324,18.03182
WRI1002857,GEO,42.2002,13.8398
WRI1002858,GEO,41.2014,15.4762
WRI1002862,GEO,41.5616,12.6337
WRI1002865,GEO,39.1022,17.0325
WRI1002866,GEO,41.0092,14.2281
WRI1002867,GEO,45.2268,9.6377
WRI1002871,GEO,45.1856,7.9016
WRI1002873,GEO,45.3993,10.7142
WRI1002876,GEO,45.23723,8.1932
WRI1002877,GEO,46.171,10.348
WRI1002879,GEO,40.6293,18.0033
WRI1002880,GEO,44.4487,12.2382
WRI1002881,GEO,44.2256,7.3817
WRI1002882,GEO,44.2256,7.38417
WRI1002884,GEO,40.8461,8.3068
WRI1002885,GEO,45.4314,12.2468
WRI1002890,GEO,42.0502,14.5639
WRI1002894,GEO,37.1399,15.2158
WRI1002896,GEO,43.5537,13.285
WRI1002897,GEO,45.0904,9.4805
WRI1002899,GEO,44.1116,9.8743
WRI1002904,GEO,45.163,7.75047
WRI1002905,GEO,45.4458,12.2552
WRI1002906,GEO,43.56727,10.31
WRI1002910,GEO,44.993,7.6755
WRI1002911,GEO,45.7979,13.5455
WRI1002912,GEO,42.3572,11.5373
WRI1002916,GEO,40.8339,14.3006
WRI1002917,GEO,45.0603,11.1374
WRI1002918,GEO,45.0543,9.70856
WRI1002919,GEO,42.9954,12.1995
WRI1002920,GEO,42.9565,10.6034
WRI1002923,GEO,43.8235,10.6023
WRI1002924,GEO,44.4836,12.2652
WRI1002927,GEO,44.9569,12.4883
WRI1002929,GEO,41.38158,14.09034
WRI1002930,GEO,37.14,15.2159
WRI1002935,GEO,38.4453,15.99
WRI1002936,GEO,46.0702,8.7339
WRI1002939,GEO,39.6218,16.6084
WRI1002940,GEO,43.565,11.4777
WRI1002947,GEO,38.2049,15.2818
WRI1002948,GEO,39.1037,9.0063
WRI1002949,GEO,45.0522,9.5072
WRI1002951,GEO,45.02652,11.2522
WRI1002953,GEO,38.8759,16.6569
WRI1002956,GEO,41.1025,16.756
WRI1002958,GEO,41.1783,14.1129
WRI1002959,GEO,39.1961,8.4002
WRI1002962,GEO,45.3325,9.4364
WRI1002969,GEO,42.1269,11.7583
WRI1002970,GEO,42.1241,11.7624
WRI1002971,GEO,45.817,13.2891
WRI1002973,GEO,45.5201,8.7422
WRI1002976,GEO,44.2755,8.4305
WRI1002977,GEO,44.2755,8.4305
WRI1002982,GEO,44.5947,7.4858
WRI1002983,GEO,45.0296,8.9723
WRI1002984,GEO,47.0261,28.8672
WRI1002985,GEO,47.029,28.893
WRI1002986,GEO,47.7492,27.8938
WRI1002987,GEO,47.8381,27.2246
WRI1002988,GEO,47.2778,29.123
WRI1002992,GEO,70.41178,26.69491
WRI1002997,GEO,69.70483,23.81864
WRI1003023,GEO,69.04369,18.58967
WRI1003162,GEO,66.79696,14.00106
WRI1003246,GEO,68.6588,18.82242
WRI1003288,GEO,67.62319,15.99023
WRI1003392,GEO,68.1743,17.91906
WRI1003495,GEO,68.20335,17.36185
WRI1003539,GEO,68.74049,18.6435
WRI1003551,GEO,66.7263,13.9136
WRI1003653,GEO,53.719444,91.321944
WRI1003659,GEO,55.6387,60.776
WRI1003662,GEO,54.91318,56.07096
WRI1003663,GEO,53.3742,83.77056
WRI1003669,GEO,55.57659798,89.07131195
WRI1003670,GEO,53.1994,50.2948
WRI1003671,GEO,68.05668961,166.4580394
WRI1003679,GEO,56.138,47.466
WRI1003681,GEO,55.23,61.490833
WRI1003682,GEO,55.2016,61.4036
WRI1003683,GEO,54.136,36.48
WRI1003684,GEO,59.227,37.131
WRI1003685,GEO,53.5751,49.2449
WRI1003686,GEO,55.752,37.731
WRI1003687,GEO,55.783,37.502
WRI1003688,GEO,54.903,38.055
WRI1003689,GEO,55.7,37.586
WRI1003690,GEO,55.891,37.505
WRI1003691,GEO,55.634,37.818
WRI1003692,GEO,55.916,37.691
WRI1003693,GEO,55.724,37.697
WRI1003703,GEO,51.46,46.1537
WRI1003704,GEO,55.74808153,37.63021231
WRI1003711,GEO,51.672,58.6274
WRI1003712,GEO,55.23,61.490833
WRI1003720,GEO,58.1146,56.328
WRI1003723,GEO,51.866,54.7739
WRI1003728,GEO,50.854,115.7
WRI1003729,GEO,59.488,32.05
WRI1003730,GEO,58.621,49.5944
WRI1003731,GEO,55.005,83.063
WRI1003733,GEO,67.46586901,32.48082377
WRI1003737,GEO,56.743,36.77
WRI1003739,GEO,55.9346,92.2937
WRI1003741,GEO,56.15,94.48
WRI1003744,GEO,51.67505649,35.60271625
WRI1003749,GEO,59.84011378,29.0331304
WRI1003759,GEO,56.6606,43.391
WRI1003761,GEO,60.98,76.93
WRI1003764,GEO,56.8399,60.8409
WRI1003765,GEO,52.247,104.2026
WRI1003770,GEO,47.401,40.232
WRI1003772,GEO,53.1105,49.9197
WRI1003775,GEO,51.27558951,39.2014926
WRI1003777,GEO,51.241,58.4974
WRI1003780,GEO,65.134,57.314
WRI1003782,GEO,58.12556,56.2831
WRI1003784,GEO,58.496,56.346
WRI1003788,GEO,57.511,29.97
WRI1003790,GEO,57.106,61.711
WRI1003791,GEO,47.5993,42.3717
WRI1003793,GEO,54.035,39.788
WRI1003795,GEO,51.8435,55.0988
WRI1003798,GEO,53.251,50.2765
WRI1003800,GEO,51.6234,46.0101
WRI1003802,GEO,52.053,47.755
WRI1003803,GEO,52.825,91.3709
WRI1003805,GEO,40.5078,44.7606
WRI1003808,GEO,55.576,39.563
WRI1003812,GEO,54.16498423,33.23866367
WRI1003813,GEO,47.2161,39.5794
WRI1003814,GEO,55.608,32.412
WRI1003821,GEO,61.2809,73.50279
WRI1003823,GEO,53.0642,48.3994
WRI1003826,GEO,52.4621,103.9787
WRI1003827,GEO,56.123,101.601
WRI1003828,GEO,52.5314,103.9377
WRI1003829,GEO,58.2449,68.4451
WRI1003830,GEO,53.5475,49.4538
WRI1003832,GEO,53.781389,87.587778
WRI1003834,GEO,54.84017,56.09098
WRI1003836,GEO,47.2161,39.5794
WRI1003839,GEO,54.037,61.646
WRI1003840,GEO,57.0882,65.6297
WRI1003842,GEO,54.91318,56.07096
WRI1003843,GEO,54.346,48.6205
WRI1003845,GEO,66.0327,78.0816
WRI1003846,GEO,57.968,102.6947
WRI1003849,GEO,57.354,59.961
WRI1003852,GEO,59.195,39.9389
WRI1003853,GEO,48.826,44.672
WRI1003856,GEO,56.79,54.09
WRI1003864,GEO,54.456,61.236
WRI1003871,GEO,70.41178,26.69491
WRI1003872,GEO,69.70483,23.81864
WRI1003881,GEO,69.04369,18.58967
WRI1003898,GEO,66.79696,14.00106
WRI1003899,GEO,66.79696,14.00106
WRI1003921,GEO,68.6588,18.82242
WRI1003932,GEO,67.62319,15.99023
WRI1003959,GEO,68.1743,17.91906
WRI1003978,GEO,68.20335,17.36185
WRI1003986,GEO,68.74049,18.6435
WRI1003992,GEO,66.7263,13.9136
WRI1004024,GEO,47.0378,7.272
WRI1004119,GEO,46.1604,5.9766
WRI1004128,GEO,46.0615,6.9586
WRI1004136,GEO,46.30874,7.43558
WRI1004149,GEO,47.5748,8.4733
WRI1004171,GEO,46.9688,7.4391
WRI1004178,GEO,46.0731,7.4034
WRI1004179,GEO,46.15726,7.20922
WRI1004187,GEO,46.72717,8.3337
WRI1004189,GEO,46.1882,8.0702
WRI1004203,GEO,46.1961,8.1505
WRI1004209,GEO,46.56535911,8.32775618
WRI1004210,GEO,46.56535911,8.32775618
WRI1004211,GEO,46.56535911,8.32775618
WRI1004222,GEO,46.6167,8.30768
WRI1004223,GEO,46.6157,8.30382
WRI1004224,GEO,46.617,8.30627
WRI1004249,GEO,46.7021,8.2353
WRI1004250,GEO,46.70857,8.22597
WRI1004269,GEO,47.655,7.52
WRI1004271,GEO,47.552,8.2281
WRI1004273,GEO,47.60118607,8.18447113
WRI1004315,GEO,46.84886,9.01184
WRI1004316,GEO,46.84886,9.01184
WRI1004383,GEO,46.0629,6.9101
WRI1004396,GEO,47.0031,7.241
WRI1004519,GEO,46.2042,6.1355
WRI1004545,GEO,46.24027,7.8744
WRI1004546,GEO,46.24027,7.8744
WRI1004614,GEO,46.1927,6.0281
WRI1004650,GEO,46.0824,7.9572
WRI1004655,GEO,51.38731,-3.4049
WRI1004672,GEO,51.614526,-3.835173
WRI1004676,GEO,54.845,-5.787
WRI1004677,GEO,54.845,-5.787
WRI1004678,GEO,54.8428,-5.7853
WRI1004685,GEO,51.40893714,-3.23015213
WRI1004752,GEO,53.231703,-3.081493
WRI1004753,GEO,55.0437,-7.24868
WRI1004754,GEO,55.0437,-7.24868
WRI1004755,GEO,52.51043589,-0.681431293
WRI1004757,GEO,51.5118541,0.507903099
WRI1004758,GEO,53.304,-0.7815
WRI1004759,GEO,53.30513396,-0.785822868
WRI1004761,GEO,50.7469,-1.2862
WRI1004764,GEO,56.394,-5.115
WRI1004773,GEO,51.42491531,0.601426363
WRI1004776,GEO,53.23318,-3.054693
WRI1004779,GEO,51.6246,-1.2683
WRI1004780,GEO,51.6246,-1.2683
WRI1004781,GEO,53.1181,-4.10318
WRI1004785,GEO,53.73607113,-0.997738838
WRI1004792,GEO,50.91334,0.9639744
WRI1004800,GEO,53.7116,-1.1269
WRI1004803,GEO,51.6624839,-0.022476912
WRI1004813,GEO,54.41838686,-3.488330841
WRI1004814,GEO,53.7174,-1.28058
WRI1004816,GEO,52.9807,-3.9686
WRI1004826,GEO,57.2618,-4.4835
WRI1004827,GEO,57.2618,-4.4835
WRI1004830,GEO,53.54109797,-0.505564213
WRI1004831,GEO,53.54109797,-0.505564213
WRI1004841,GEO,51.4444,0.7114
WRI1004842,GEO,51.4444,0.7114
WRI1004847,GEO,52.58394828,1.733806729
WRI1004865,GEO,54.6340777,-1.180137714
WRI1004869,GEO,54.02850132,-2.915960488
WRI1004875,GEO,51.20852347,-3.133420944
WRI1004879,GEO,55.72041521,-4.896383286
WRI1004880,GEO,50.39549561,-4.899580479
WRI1004886,GEO,52.63005,-2.511999
WRI1004888,GEO,53.594444,-0.750442
WRI1004889,GEO,53.594444,-0.750442
WRI1004897,GEO,53.65354083,-0.25560379
WRI1004901,GEO,54.7255,-5.7653
WRI1004902,GEO,54.7251,-5.7643
WRI1004911,GEO,50.38821922,-4.011758566
WRI1004919,GEO,52.20460853,-0.269293785
WRI1004920,GEO,52.20460853,-0.269293785
WRI1004922,GEO,51.465278,0.241667
WRI1004923,GEO,51.465278,0.241667
WRI1004937,GEO,56.048942,-3.682337
WRI1004945,GEO,55.20422265,-1.521906853
WRI1004951,GEO,50.8998,-1.4384
WRI1004954,GEO,51.43956374,0.68939209
WRI1004981,GEO,51.685,-4.99
WRI1004983,GEO,52.5769,-0.204
WRI1004984,GEO,57.477213,-1.788879
WRI1004991,GEO,52.865268,-1.254963
WRI1005004,GEO,53.31472382,-2.723236084
WRI1005009,GEO,52.756993,-1.916272
WRI1005012,GEO,51.76260763,0.009419918
WRI1005013,GEO,53.73480188,-0.243415833
WRI1005019,GEO,51.5392,-2.67
WRI1005023,GEO,51.5475,-2.975
WRI1005025,GEO,50.82925237,-0.231099129
WRI1005028,GEO,52.21451457,1.620604355
WRI1005032,GEO,56.2512,-4.7117
WRI1005035,GEO,53.60078217,-0.14462471
WRI1005036,GEO,52.807811,-0.132164
WRI1005041,GEO,53.07296414,-0.858521461
WRI1005048,GEO,52.7579,0.1923
WRI1005054,GEO,51.5459047,-0.257481337
WRI1005065,GEO,55.96789812,-2.408572162
WRI1005077,GEO,53.36046391,-0.810198784
WRI1005078,GEO,53.3631,-0.7976
WRI1005079,GEO,53.3631,-0.7976
WRI1005085,GEO,55.7,-4.304
WRI1005094,GEO,53.41673987,-4.482227491
WRI1005096,GEO,50.2133,24.375
WRI1005097,GEO,49.21038,24.66654
WRI1005098,GEO,48.706,29.2202
WRI1005099,GEO,50.1344,30.7468
WRI1005100,GEO,47.5432,33.6583
WRI1005101,GEO,47.5089,34.6253
WRI1005104,GEO,47.9944,37.24022
WRI1005105,GEO,47.7997,38.00612
WRI1005109,GEO,48.872,37.76567
WRI1005112,GEO,51.3245,25.89744
WRI1005113,GEO,47.812,31.22
WRI1005114,GEO,47.5119,34.5863
WRI1005115,GEO,48.51361,27.47333
WRI1005116,GEO,48.51361,27.47333
WRI1005117,GEO,47.7968,31.1811
WRI1005118,GEO,46.77858,33.36965
WRI1005119,GEO,48.5485,34.541015
WRI1005122,GEO,49.76653,31.47165
WRI1005123,GEO,50.5883,30.5118
WRI1005124,GEO,50.6113,30.4902
WRI1005125,GEO,50.532,30.6625
WRI1005126,GEO,49.9719,36.107
WRI1005149,GEO,48.24798,14.4305
WRI1005154,GEO,48.3853,14.023
WRI1005155,GEO,47.407,13.2205
WRI1005166,GEO,46.5347,14.1712
WRI1005167,GEO,46.5462,14.2985
WRI1005170,GEO,47.2354,12.05826
WRI1005174,GEO,47.23417,11.89972
WRI1005179,GEO,48.3553,16.2424
WRI1005188,GEO,48.5184,13.7076
WRI1005190,GEO,47.2591,12.7389
WRI1005191,GEO,47.1985,12.7223
WRI1005192,GEO,47.1968,12.71922
WRI1005194,GEO,47.2591,12.7389
WRI1005197,GEO,47.4412,13.2108
WRI1005198,GEO,46.8727,13.3117
WRI1005206,GEO,47.0659,13.3539
WRI1005207,GEO,47.0659,13.3539
WRI1005210,GEO,47.158065,11.850133
WRI1005211,GEO,48.2232,15.3042
WRI1005219,GEO,48.31663,14.1512
WRI1005222,GEO,46.72089,13.6453
WRI1005232,GEO,46.5696,14.0268
WRI1005239,GEO,46.658,14.8726
WRI1005240,GEO,47.3152,13.1389
WRI1005244,GEO,47.33856,13.1974
WRI1005247,GEO,47.32135,13.1744
WRI1005255,GEO,47.1485,11.8225
WRI1005256,GEO,47.1485,11.8225
WRI1005257,GEO,47.37485,13.2101
WRI1005258,GEO,46.6329,13.8294
WRI1005260,GEO,47.316,13.14095
WRI1005262,GEO,48.16656,14.6953
WRI1005265,GEO,47.4698,13.1945
WRI1005267,GEO,48.1766,16.4814
WRI1005268,GEO,48.0338,16.7264
WRI1005269,GEO,48.095,16.89
WRI1005270,GEO,48.09,16.844
WRI1005271,GEO,48.09,16.844
WRI1005313,GEO,51.438785,3.703467497
WRI1005339,GEO,51.8412,4.0606
WRI1005362,GEO,51.5975,3.6848
WRI1005409,GEO,52.588,4.223
WRI1005427,GEO,52.588,4.223
WRI1005499,GEO,52.1017,5.0794
WRI1005506,GEO,53.3185,6.9544
WRI1005509,GEO,51.3331,3.7787
WRI1005515,GEO,51.8902,4.3552
WRI1005517,GEO,51.32538229,4.259701151
WRI1005518,GEO,50.53419312,5.275052105
WRI1005519,GEO,43.7428,23.7756
WRI1005520,GEO,49.08484515,16.14786899
WRI1005521,GEO,49.18109216,14.37492526
WRI1005522,GEO,60.3708,26.3468
WRI1005523,GEO,61.2371,21.4433
WRI1005524,GEO,47.510295,2.87505
WRI1005525,GEO,45.256,-0.6932
WRI1005526,GEO,45.79731813,5.27061189
WRI1005527,GEO,49.41604534,6.216942304
WRI1005528,GEO,47.22535633,0.16555777
WRI1005529,GEO,50.09,4.789444444
WRI1005530,GEO,46.45633803,0.654807957
WRI1005531,GEO,44.63249113,4.754591201
WRI1005532,GEO,47.73211251,2.518515753
WRI1005533,GEO,47.90315158,7.563119764
WRI1005534,GEO,49.5365739,-1.882340106
WRI1005535,GEO,44.10602816,0.844260231
WRI1005536,GEO,51.01411055,2.133209336
WRI1005537,GEO,48.51708487,3.518099493
WRI1005538,GEO,49.85822044,0.635370429
WRI1005539,GEO,49.97644086,1.210737982
WRI1005541,GEO,47.71968992,1.578337634
WRI1005542,GEO,44.33113658,4.73112032
WRI1005543,GEO,53.8506,9.345
WRI1005544,GEO,52.4716,7.3204
WRI1005545,GEO,52.0348,9.411
WRI1005546,GEO,48.51488,10.4012
WRI1005547,GEO,48.60491534,12.29359137
WRI1005548,GEO,49.04078176,9.175874306
WRI1005549,GEO,49.25290112,8.436433839
WRI1005550,GEO,46.57416108,18.85279125
WRI1005551,GEO,51.4311,3.7175
WRI1005552,GEO,44.32154151,28.05684456
WRI1005553,GEO,48.496,17.6816
WRI1005554,GEO,48.2621,18.459
WRI1005555,GEO,45.9389,15.516
WRI1005556,GEO,39.80705,-5.6986
WRI1005557,GEO,41.2008,0.5679
WRI1005558,GEO,39.2134,-1.0509
WRI1005559,GEO,40.7016,-2.62265
WRI1005560,GEO,40.9508,0.8656
WRI1005561,GEO,60.40283,18.17435
WRI1005562,GEO,57.41297,16.66832
WRI1005563,GEO,57.25737,12.10874
WRI1005564,GEO,50.91334,0.9639744
WRI1005565,GEO,54.6340777,-1.180137714
WRI1005566,GEO,54.02850132,-2.915960488
WRI1005567,GEO,51.20852347,-3.133420944
WRI1005568,GEO,55.72041521,-4.896383286
WRI1005569,GEO,52.21451457,1.620604355
WRI1005570,GEO,55.96789812,-2.408572162
WRI1005584,GEO,51.6368,7.61908
WRI1005589,GEO,49.4988,8.4341
WRI1005614,GEO,51.035,6.6333
WRI1005616,GEO,51.4161,14.564722
WRI1005619,GEO,51.1822,12.3733
WRI1005621,GEO,53.8506,9.345
WRI1005623,GEO,52.17139,10.97694
WRI1005624,GEO,52.5222,13.3093
WRI1005636,GEO,51.079,6.8288
WRI1005643,GEO,50.8571,6.8432
WRI1005658,GEO,52.4828,7.3039
WRI1005659,GEO,52.4716,7.3204
WRI1005669,GEO,51.899,9.9243
WRI1005681,GEO,49.4209,11.0081
WRI1005683,GEO,51.0555,6.5767
WRI1005690,GEO,49.04078176,9.175874306
WRI1005691,GEO,48.767,11.58
WRI1005694,GEO,51.6732,7.7141
WRI1005702,GEO,50.5075,11.0049
WRI1005703,GEO,52.0348,9.411
WRI1005704,GEO,52.0348,9.411
WRI1005726,GEO,48.51488,10.4012
WRI1005737,GEO,48.7175,9.375
WRI1005747,GEO,49.176,9.2073
WRI1005765,GEO,52.3819,8.998333
WRI1005803,GEO,50.9748,6.9888
WRI1005822,GEO,49.4988,8.4341
WRI1005830,GEO,51.3763,6.7239
WRI1005844,GEO,49.4988,8.4341
WRI1005848,GEO,48.60491534,12.29359137
WRI1005849,GEO,48.60491534,12.29359137
WRI1005851,GEO,48.5184,13.7076
WRI1005856,GEO,48.51488,10.4012
WRI1005857,GEO,52.4716,7.3204
WRI1005858,GEO,49.25290112,8.436433839
WRI1005864,GEO,52.4889,13.4968
WRI1005865,GEO,50.8593,6.841
WRI1005866,GEO,54.1414,12.1319
WRI1005868,GEO,51.4102,7.4526
WRI1005877,GEO,49.3631,7.23778
WRI1005886,GEO,50.0264,8.2373
WRI1005888,GEO,49.4988,8.4341
WRI1005898,GEO,51.27587,7.70679
WRI1005904,GEO,51.5502,7.18727
WRI1005915,GEO,51.5771,6.6814
WRI1005916,GEO,51.52849,6.71389
WRI1005934,GEO,52.4247,13.3102
WRI1005935,GEO,51.1822,12.3733
WRI1005937,GEO,51.10454,13.20174
WRI1005948,GEO,49.4988,8.4341
WRI1005953,GEO,53.489,9.949
WRI1005958,GEO,51.225,7.14218
WRI1005974,GEO,49.04078176,9.175874306
WRI1005977,GEO,51.03786,6.61206
WRI1005982,GEO,48.1805,11.6393
WRI1006001,GEO,49.25290112,8.436433839
WRI1006022,GEO,52.535,13.2427
WRI1006024,GEO,52.535,13.2427
WRI1006041,GEO,51.39845,11.95032
WRI1006042,GEO,51.6024,7.00636
WRI1006045,GEO,51.5357,14.3538
WRI1006078,GEO,48.767,11.581
WRI1006127,GEO,51.165,9.0427
WRI1006130,GEO,53.5667,9.72528
WRI1006132,GEO,47.6523,7.9262
WRI1006133,GEO,49.3347,7.0348
WRI1006134,GEO,50.8387,6.3219
WRI1006135,GEO,51.739,10.9069
WRI1006141,GEO,51.6805,7.9696
WRI1006143,GEO,53.5647,8.1469
WRI1006154,GEO,48.4554,11.8017
WRI1006157,GEO,43.5528,-5.7231
WRI1006158,GEO,43.5528,-5.7231
WRI1006159,GEO,39.9427,-3.8548
WRI1006178,GEO,41.21167,-6.68556
WRI1006189,GEO,43.234722,-2.749722
WRI1006195,GEO,37.2281,-3.05115
WRI1006197,GEO,42.8385,-6.5332
WRI1006203,GEO,36.6721,-5.8164
WRI1006210,GEO,42.4194,-2.2511
WRI1006213,GEO,41.2008,0.5679
WRI1006214,GEO,39.17096,-3.26658
WRI1006215,GEO,38.812,-7.0587
WRI1006223,GEO,36.1829,-5.3905
WRI1006232,GEO,27.8045,-15.4387
WRI1006235,GEO,27.8045,-15.4387
WRI1006236,GEO,27.8045,-15.4387
WRI1006239,GEO,27.8045,-15.4387
WRI1006249,GEO,41.41958,2.2294
WRI1006292,GEO,36.1834,-5.3933
WRI1006293,GEO,36.1834,-5.3933
WRI1006308,GEO,37.5732,-0.9392
WRI1006309,GEO,39.5672,2.6895
WRI1006310,GEO,39.5672,2.6895
WRI1006311,GEO,39.5672,2.6895
WRI1006312,GEO,39.5672,2.6895
WRI1006313,GEO,39.5672,2.6895
WRI1006314,GEO,39.5672,2.6895
WRI1006316,GEO,39.2939,-5.2168
WRI1006317,GEO,42.1718,-1.6773
WRI1006318,GEO,39.95925,-0.00098
WRI1006321,GEO,41.5754,-6.18907
WRI1006322,GEO,36.1829,-5.3905
WRI1006323,GEO,39.6426,-0.2344
WRI1006337,GEO,38.7291,-0.9219
WRI1006338,GEO,37.75735,-5.062
WRI1006355,GEO,41.2167,-0.2928
WRI1006358,GEO,39.80705,-5.6986
WRI1006359,GEO,39.2134,-1.0509
WRI1006393,GEO,42.6125,-6.5647
WRI1006396,GEO,39.0212,-5.5333
WRI1006404,GEO,37.2156,-6.943
WRI1006409,GEO,43.34,-3.05394
WRI1006410,GEO,43.4451,-7.8621
WRI1006411,GEO,36.1829,-5.3905
WRI1006412,GEO,42.1718,-1.6773
WRI1006413,GEO,39.95925,-0.00098
WRI1006414,GEO,41.2977,-0.3376
WRI1006415,GEO,37.5732,-0.9392
WRI1006416,GEO,40.9596,0.8692
WRI1006417,GEO,43.329,-8.503
WRI1006418,GEO,43.3161,-5.8777
WRI1006423,GEO,43.3891,-6.8232
WRI1006465,GEO,41.2977,-0.3376
WRI1006473,GEO,38.64,-6.744
WRI1006528,GEO,39.2385,-3.4749
WRI1006571,GEO,39.73,-6.88472
WRI1006578,GEO,38.9594,-6.464
WRI1006580,GEO,38.8145,-6.8377
WRI1006592,GEO,38.82694,-6.824
WRI1006593,GEO,42.7924,-5.634
WRI1006625,GEO,36.9783,-1.9054
WRI1006636,GEO,36.1828,-5.42
WRI1006663,GEO,39.9687,-5.7417
WRI1006664,GEO,36.7495,-4.5631
WRI1006665,GEO,39.1838,-3.3119
WRI1006671,GEO,43.1685,-8.4111
WRI1006702,GEO,43.2924,-6.3937
WRI1006703,GEO,43.2924,-6.3937
WRI1007283,GEO,37.1843,-6.8857
WRI1007284,GEO,37.1843,-6.8857
WRI1007779,GEO,37.5624,-5.1254
WRI1007780,GEO,37.5624,-5.1254
WRI1007782,GEO,37.4166,-6.2736
WRI1007783,GEO,37.4166,-6.2736
WRI1007786,GEO,38.755,-7.145
WRI1007813,GEO,37.0066,-6.0434
WRI1007814,GEO,37.6485,-5.26
WRI1007815,GEO,37.9582,-4.4981
WRI1007816,GEO,37.9582,-4.4981
WRI1007820,GEO,38.1108,-4.9354
WRI1007821,GEO,41.3366,2.1594
WRI1007822,GEO,41.3366,2.1594
WRI1007823,GEO,38.27934503,-1.600961159
WRI1007845,GEO,38.6478,-4.1214
WRI1007850,GEO,41.5274,-5.9857
WRI1007851,GEO,41.5274,-5.9857
WRI1007862,GEO,43.237,-6.8446
WRI1007863,GEO,43.237,-6.8446
WRI1007879,GEO,36.1955,-5.4131
WRI1007889,GEO,43.34,-3.05394
WRI1007891,GEO,41.045,-6.8067
WRI1007892,GEO,41.045,-6.8067
WRI1007918,GEO,43.387,-6.82477
WRI1007919,GEO,43.387,-6.82477
WRI1007925,GEO,39.226,-5.3905
WRI1007926,GEO,39.226,-5.3905
WRI1007927,GEO,37.6522,-5.2722
WRI1007956,GEO,41.1081,1.1912
WRI1007961,GEO,39.1933,-5.5779
WRI1007962,GEO,39.1933,-5.5779
WRI1007993,GEO,40.7016,-2.62265
WRI1008030,GEO,41.4913,-6.0861
WRI1008031,GEO,41.4913,-6.0861
WRI1008032,GEO,41.27016,-6.3208
WRI1008033,GEO,41.27016,-6.3208
WRI1008113,GEO,30.402,48.358
WRI1008114,GEO,31.5027,48.883
WRI1008115,GEO,35.9564,51.089
WRI1008117,GEO,27.4866,52.659
WRI1008119,GEO,27.1467,56.1153
WRI1008120,GEO,27.1467,56.1153
WRI1008121,GEO,35.6423,51.4273
WRI1008122,GEO,34.3468,47.3575
WRI1008128,GEO,35.4163,51.8492
WRI1008129,GEO,32.6053,48.464
WRI1008132,GEO,30.453,49.086
WRI1008134,GEO,29.3587,52.6155
WRI1008139,GEO,37.1586,49.6329
WRI1008141,GEO,29.3587,52.6155
WRI1008148,GEO,35.807,51.7914
WRI1008151,GEO,31.8055,50.08934
WRI1008152,GEO,29.5633,51.696
WRI1008153,GEO,30.21,56.7932
WRI1008154,GEO,32.453,50.147
WRI1008155,GEO,38.4051,44.911
WRI1008158,GEO,35.7898,51.6785
WRI1008162,GEO,36.2713,59.6508
WRI1008163,GEO,32.029,49.399
WRI1008165,GEO,27.5546,52.55
WRI1008167,GEO,35.73,51.0055
WRI1008168,GEO,36.2804,58.7774
WRI1008169,GEO,36.8387,53.2593
WRI1008173,GEO,34.579,50.755
WRI1008174,GEO,30.43574,49.1089
WRI1008175,GEO,35.5207,51.4078
WRI1008178,GEO,37.424,46.013
WRI1008179,GEO,35.73,51
WRI1008184,GEO,32.796,51.495
WRI1008185,GEO,35.128,48.852
WRI1008186,GEO,36.1595,50.2997
WRI1008187,GEO,36.8334,53.2521
WRI1008189,GEO,36.2369,59.7324
WRI1008190,GEO,34,49.5
WRI1008192,GEO,37.3397,58.0486
WRI1008194,GEO,32.258,51.527
WRI1008200,GEO,35.724,51.3526
WRI1008204,GEO,31.9545,54.0658
WRI1008205,GEO,31.9545,54.0658
WRI1008206,GEO,31.9545,54.0658
WRI1008207,GEO,29.477,60.807
WRI1008209,GEO,31.3742,48.7731
WRI1008358,GEO,32.81176836,35.02324462
WRI1008359,GEO,32.10491595,34.7785306
WRI1008360,GEO,31.83822748,34.65466619
WRI1008361,GEO,32.47,34.888
WRI1008362,GEO,31.62985,34.52162
WRI1008363,GEO,32.63391783,35.36760807
WRI1008364,GEO,31.15363562,34.81455803
WRI1008365,GEO,31.711,34.841
WRI1008366,GEO,31.91534107,34.91878867
WRI1008368,GEO,32.61721939,35.04308224
WRI1008370,GEO,32.61721939,35.04308224
WRI1008629,GEO,25.844,50.126
WRI1008642,GEO,27.07,49.6072
WRI1008644,GEO,25.18746,49.30655
WRI1008646,GEO,24.76097815,46.59228802
WRI1008647,GEO,24.94835,47.061
WRI1008648,GEO,24.59456,46.57184
WRI1008650,GEO,24.76097815,46.59228802
WRI1008651,GEO,26.204,44.016
WRI1008652,GEO,26.401,43.9438
WRI1008654,GEO,27.4689,41.7416
WRI1008655,GEO,22.3090437,46.66249216
WRI1008656,GEO,24.4171,47.0162
WRI1008658,GEO,21.4648,39.1845
WRI1008659,GEO,22.66154168,39.03217077
WRI1008660,GEO,22.66154168,39.03217077
WRI1008662,GEO,21.4731,39.7992
WRI1008663,GEO,24.52550965,39.67604041
WRI1008664,GEO,21.282,40.4073
WRI1008665,GEO,24.1196,38.1181
WRI1008667,GEO,23.9745,38.2148
WRI1008671,GEO,19.98625516,42.39327908
WRI1008673,GEO,17.59688262,44.3375051
WRI1008675,GEO,30.92603721,41.05581164
WRI1008676,GEO,29.63235658,43.48785639
WRI1008682,GEO,27.36832776,35.65820932
WRI1008684,GEO,17.479,47.095
WRI1008685,GEO,28.70716959,48.37415457
WRI1008686,GEO,28.7088,48.3656
WRI1008687,GEO,29.0359,48.1536
WRI1008688,GEO,29.0359,48.1536
WRI1008689,GEO,29.36822,47.79628
WRI1008690,GEO,29.36783308,47.78647184
WRI1008692,GEO,29.567,48.171
WRI1008696,GEO,30.2125,47.8174
WRI1008716,GEO,34.56309,44.51232
WRI1008717,GEO,35.1128,45.7064
WRI1008718,GEO,35.954,44.953
WRI1008719,GEO,34.2069,42.355
WRI1008722,GEO,36.63,42.8227
WRI1008723,GEO,36.63,42.8227
WRI1008727,GEO,24.121,53.447
WRI1008730,GEO,25.31416,56.3728
WRI1008731,GEO,25.31416,56.3728
WRI1008739,GEO,23.57964225,53.72937799
WRI1008741,GEO,24.1349707,52.73180544
WRI1008742,GEO,23.5704,53.7146
WRI1008743,GEO,24.165,52.568
WRI1008744,GEO,24.76086124,54.68028545
WRI1008745,GEO,24.7623908,54.68345046
WRI1008746,GEO,24.76801201,54.68730211
WRI1008748,GEO,24.43531152,54.49323893
WRI1008749,GEO,24.43480359,54.48761702
WRI1015692,GEO,49.88064,-81.56636
WRI1015693,GEO,48.79340798,-87.11325645
WRI1015694,GEO,49.1352,-88.3583
WRI1015696,GEO,49.09,-64.65
WRI1015698,GEO,51.253775,-85.3232139
WRI1015699,GEO,49.3429,-117.769
WRI1015701,GEO,48.8376,-91.5706
WRI1015702,GEO,46.9096,-83.213
WRI1015705,GEO,48.692,-67.9
WRI1015706,GEO,51.18,-113.9375
WRI1015707,GEO,45.24951294,-76.75598145
WRI1015708,GEO,52.4683,-112.1344
WRI1015709,GEO,47.99024,-55.80014
WRI1015710,GEO,55.0712,-118.6896
WRI1015712,GEO,45.3142,-73.9103
WRI1015713,GEO,47.55642993,-72.83583641
WRI1015716,GEO,46.5418,-67.6696
WRI1015717,GEO,47.9044,-65.865
WRI1015718,GEO,49.2958,-69.5508
WRI1015719,GEO,49.1753,-69.226
WRI1015720,GEO,52.30824247,-116.3277483
WRI1015723,GEO,49.46149,-117.5002
WRI1015725,GEO,49.096,-103.031
WRI1015726,GEO,49.058,-105.485
WRI1015728,GEO,49.8433,-99.8929
WRI1015729,GEO,49.8449,-99.8896
WRI1015730,GEO,52.9631,-115.5848
WRI1015731,GEO,50.7301,-122.24032
WRI1015732,GEO,42.2796,-83.09492
WRI1015733,GEO,49.3248,-117.6208
WRI1015734,GEO,49.3248,-117.6208
WRI1015735,GEO,54.443393,-70.51291
WRI1015736,GEO,44.3383,-81.5729
WRI1015737,GEO,45.66177695,-76.62998199
WRI1015739,GEO,49.3757,-122.8684
WRI1015740,GEO,44.7147,-63.6098
WRI1015741,GEO,49.299,-122.891
WRI1015742,GEO,48.2018,-78.3222
WRI1015743,GEO,51.1803,-113.9374
WRI1015744,GEO,49.15201532,-88.34501266
WRI1015745,GEO,47.3745,-61.8858
WRI1015746,GEO,44.78456886,-75.37644088
WRI1015747,GEO,50.26191227,-94.97526169
WRI1015749,GEO,45.567489,-74.38310623
WRI1015750,GEO,48.236,-66.146
WRI1015751,GEO,50.8466,-113.5816
WRI1015753,GEO,50.0254,-56.7644
WRI1015754,GEO,51.0069,-113.1924
WRI1015755,GEO,50.1594,-107.4664
WRI1015757,GEO,45.47397542,-76.24031067
WRI1015758,GEO,45.47397542,-76.24031067
WRI1015759,GEO,49.9336,-123.291
WRI1015760,GEO,45.51215134,-75.77708244
WRI1015761,GEO,45.58256891,-76.67495728
WRI1015763,GEO,53.52459478,-63.97270203
WRI1015764,GEO,53.52459478,-63.97270203
WRI1015767,GEO,47.8928,-73.7181
WRI1015771,GEO,53.587,-113.365
WRI1015773,GEO,45.1534,-66.2025
WRI1015776,GEO,52.0919,-106.853
WRI1015777,GEO,51.2694,-106.8712
WRI1015781,GEO,43.86922992,-78.72423562
WRI1015783,GEO,43.119,-79.2616
WRI1015784,GEO,49.16981,-57.43617
WRI1015786,GEO,46.18101897,-77.69685745
WRI1015791,GEO,53.66,-103.403
WRI1015792,GEO,42.326,-83
WRI1015793,GEO,52.18193,-76.0328
WRI1015794,GEO,52.18193,-76.0328
WRI1015796,GEO,51.873,-109.0399
WRI1015801,GEO,55.0674,-110.536
WRI1015804,GEO,56.0166,-122.2
WRI1015805,GEO,53.34366,-114.304
WRI1015806,GEO,53.34366,-114.304
WRI1015807,GEO,46.39276638,-72.35527039
WRI1015808,GEO,51.2195,-114.7079
WRI1015811,GEO,43.746,-79.68
WRI1015813,GEO,47.051389,-67.74
WRI1015814,GEO,47.051389,-67.74
WRI1015815,GEO,53.16025,-99.28705
WRI1015818,GEO,50.46308,-96.0067
WRI1015819,GEO,42.7622,-82.4525
WRI1015820,GEO,42.7622,-82.4525
WRI1015822,GEO,49.202,-65.65
WRI1015823,GEO,43.69108729,-79.61045265
WRI1015825,GEO,52.2664,-112.044
WRI1015826,GEO,43.5615,-79.8456
WRI1015828,GEO,50.1114,-82.2082
WRI1015830,GEO,43.7846,-75.4496
WRI1015831,GEO,49.0828,-57.2012
WRI1015832,GEO,47.4528,-53.0975
WRI1015833,GEO,48.7663,-80.6692
WRI1015834,GEO,55.5288,-102.357
WRI1015838,GEO,49.32142971,-68.3471489
WRI1015839,GEO,54.5438,-98.0277
WRI1015841,GEO,52.308,-113.5472
WRI1015842,GEO,50.04376,-125.3111
WRI1015847,GEO,53.4483,-114.4507
WRI1015848,GEO,53.4483,-114.4507
WRI1015849,GEO,56.0400207,-96.53832436
WRI1015852,GEO,56.3834,-94.635
WRI1015854,GEO,44.2095,-76.7246
WRI1015855,GEO,50.1453,-82.2085
WRI1015856,GEO,48.1355,-80.0425
WRI1015858,GEO,49.453,-117.5181
WRI1015862,GEO,46.44829577,-72.74039268
WRI1015863,GEO,53.734,-78.57
WRI1015864,GEO,53.78194,-77.54974
WRI1015865,GEO,53.72941982,-75.96942902
WRI1015866,GEO,53.88208324,-73.46797943
WRI1015867,GEO,47.4446,-72.79895
WRI1015868,GEO,48.4444,-67.728
WRI1015869,GEO,54.16866486,-72.61490822
WRI1015870,GEO,54.588889,-71.280556
WRI1015871,GEO,46.5158,-84.3688
WRI1015873,GEO,52.1988,-108.4509
WRI1015874,GEO,49.053,-66.748
WRI1015876,GEO,44.144,-76.848
WRI1015878,GEO,56.5079,-94.1099
WRI1015879,GEO,46.236,-60.04
WRI1015881,GEO,50.0046,-82.166
WRI1015883,GEO,56.4,-94.37134
WRI1015884,GEO,53.52459478,-63.97270203
WRI1015885,GEO,47.13887,-79.45409
WRI1015887,GEO,57.0394,-111.907
WRI1015888,GEO,57.0394,-111.907
WRI1015889,GEO,45.95520748,-66.86759949
WRI1015892,GEO,49.19128,-68.32972
WRI1015893,GEO,50.64510651,-68.72712135
WRI1015894,GEO,50.64445338,-68.7311554
WRI1015895,GEO,50.58354,-93.4556
WRI1015898,GEO,50.3979,-95.9974
WRI1015900,GEO,49.1931,-68.3271
WRI1015902,GEO,56.1447,-120.6686
WRI1015903,GEO,50.0411,-110.7222
WRI1015905,GEO,44.1415,-80.2929
WRI1015906,GEO,44.1415,-80.2929
WRI1015907,GEO,46.7175,-75.9829
WRI1015908,GEO,53.259,-109.9518
WRI1015909,GEO,52.077,-118.5664
WRI1015912,GEO,47.0728,-65.4559
WRI1015913,GEO,43.6986,-79.6422
WRI1015919,GEO,45.1941957,-76.9068718
WRI1015921,GEO,57.2533,-111.5062
WRI1015923,GEO,48.2265,-65.6652
WRI1015925,GEO,53.319,-104.0424
WRI1015929,GEO,45.4019,-75.6557
WRI1015930,GEO,50.181405,-81.634426
WRI1015931,GEO,46.37796478,-78.72528076
WRI1015932,GEO,49.144485,-68.3898
WRI1015933,GEO,49.5567,-68.7241
WRI1015934,GEO,49.7055,-68.9058
WRI1015936,GEO,45.80965765,-75.92917442
WRI1015937,GEO,55.9809,-121.9939
WRI1015942,GEO,50.56757,-96.17784
WRI1015943,GEO,49.3076,-88.3101
WRI1015944,GEO,46.3213,-60.3299
WRI1015945,GEO,45.06866868,-66.45421564
WRI1015946,GEO,45.5867,-61.3477
WRI1015947,GEO,50.298,-95.5482
WRI1015949,GEO,57.00792341,-111.4872622
WRI1015952,GEO,42.8072,-80.15
WRI1015953,GEO,43.6495,-79.331
WRI1015955,GEO,54.69625749,-110.7238197
WRI1015956,GEO,46.6131,-84.4806
WRI1015957,GEO,55.2054,-120.843
WRI1015958,GEO,52.0943,-106.7056
WRI1015959,GEO,58.4471,-119.2383
WRI1015960,GEO,58.4471,-119.2383
WRI1015962,GEO,47.93256155,-78.57679367
WRI1015963,GEO,47.7959174,-72.97282219
WRI1015964,GEO,47.7959174,-72.97282219
WRI1015965,GEO,47.7859,-73.375
WRI1015967,GEO,47.59082551,-79.29365158
WRI1015968,GEO,45.49879,-75.76324
WRI1015970,GEO,51.0494,-118.1944
WRI1015971,GEO,45.0077,-74.7927
WRI1015973,GEO,45.5895,-73.6572
WRI1015975,GEO,53.7835,-77.53228
WRI1015976,GEO,46.61442674,-72.67816544
WRI1015981,GEO,51.08865,-115.37357
WRI1015982,GEO,49.1958,-122.4076
WRI1015983,GEO,50.2842,-122.9776
WRI1015985,GEO,50.71481,-66.7821
WRI1015989,GEO,42.9348,-82.4381
WRI1015990,GEO,42.937778,-82.341667
WRI1015991,GEO,53.79858,-113.09395
WRI1015992,GEO,53.7987,-113.0848
WRI1015994,GEO,50.1345,-96.8519
WRI1015995,GEO,49.03,-117.503
WRI1015996,GEO,50.12056,-96.01793
WRI1015997,GEO,49.088,-102.864
WRI1015998,GEO,46.5359565,-72.76639938
WRI1015999,GEO,46.53357998,-72.76560545
WRI1016000,GEO,51.4423,-111.7927
WRI1016003,GEO,43.1491,-79.0445
WRI1016004,GEO,43.1456,-79.04386
WRI1016005,GEO,43.144679,-79.060149
WRI1016008,GEO,50.2259041,-95.56715012
WRI1016009,GEO,50.0614,-82.1612
WRI1016011,GEO,49.45539,-117.51979
WRI1016012,GEO,51.074824,-115.402365
WRI1016014,GEO,42.897,-82.3984
WRI1016017,GEO,49.2295,-122.3555
WRI1016018,GEO,47.511,-64.906
WRI1016020,GEO,45.40696218,-76.50670767
WRI1016022,GEO,49.99615359,-125.5847168
WRI1016026,GEO,53.5072,-114.5567
WRI1016030,GEO,43.107,-79.198
WRI1016033,GEO,50.10285438,-67.9444313
WRI1016034,GEO,45.996,-73.1726
WRI1016036,GEO,47.75253992,-72.87849426
WRI1016037,GEO,45.6202,-62.6498
WRI1016038,GEO,44.6763,-63.5968
WRI1016041,GEO,48.18354,-56.1734
WRI1016042,GEO,49.2295,-122.3555
WRI1016044,GEO,54.94,-117.237
WRI1016047,GEO,49.236556,-121.680556
WRI1016048,GEO,49.0041,-117.6116
WRI1016049,GEO,49.0041,-117.6116
WRI1016050,GEO,46.43142,-83.38596
WRI1016052,GEO,42.28,-83.087
WRI1016053,GEO,49.9104,-118.0717
WRI1016054,GEO,43.8594,-78.9033
WRI1016059,GEO,42.2876,-82.9803
WRI1016061,GEO,44.1732,-76.4446
WRI1016062,GEO,44.1732,-76.4446
WRI1016063,GEO,46.5308,-60.44
WRI1016065,GEO,44.07555,-79.531667
WRI1016067,GEO,16.40154748,-92.77846813
WRI1016069,GEO,17.18072905,-93.60089779
WRI1016071,GEO,18.23122636,-96.41172409
WRI1016073,GEO,18.27133062,-101.895833
WRI1016076,GEO,28.97720966,-109.6417093
WRI1016078,GEO,25.85404861,-107.9020071
WRI1016079,GEO,21.83951135,-104.8033047
WRI1016080,GEO,26.8429167,-108.3691667
WRI1016082,GEO,20.63647917,-99.56480026
WRI1016084,GEO,19.61795087,-98.97999287
WRI1016086,GEO,19.02716997,-104.3197989
WRI1016087,GEO,19.02457343,-104.3202281
WRI1016088,GEO,20.56899257,-101.1702633
WRI1016089,GEO,21.83154407,-100.9344864
WRI1016090,GEO,22.49774875,-97.90221691
WRI1016093,GEO,28.16558371,-105.4438162
WRI1016094,GEO,31.32907924,-106.4868736
WRI1016095,GEO,25.49294575,-103.5704327
WRI1016096,GEO,29.90579671,-112.6928186
WRI1016097,GEO,27.93677772,-110.8628011
WRI1016100,GEO,19.79513323,-90.61308861
WRI1016102,GEO,25.6077461,-109.0513229
WRI1016105,GEO,32.40460311,-115.2115202
WRI1016106,GEO,19.719,-96.406
WRI1016109,GEO,17.98257012,-102.1160316
WRI1016110,GEO,31.32907924,-106.4868736
WRI1016113,GEO,19.08523666,-96.14676476
WRI1016114,GEO,20.45721261,-100.1205003
WRI1016116,GEO,20.52670786,-97.49196768
WRI1016117,GEO,24.22301504,-110.3093433
WRI1016118,GEO,19.79055,-100.66477
WRI1016119,GEO,20.0144444,-97.4055556
WRI1016120,GEO,19.3419444,-102.0827778
WRI1016121,GEO,26.50575692,-108.5744476
WRI1016124,GEO,19.67152422,-97.4558115
WRI1016125,GEO,25.09850218,-107.3892117
WRI1016127,GEO,20.90885163,-103.7088776
WRI1016130,GEO,29.09442708,-111.0969257
WRI1016132,GEO,26.895,-111.99
WRI1016133,GEO,29.4358333,-101.1208333
WRI1016135,GEO,20.843,-97.241
WRI1016136,GEO,20.83819759,-97.25363731
WRI1016138,GEO,25.601,-103.468
WRI1016139,GEO,20.7013889,-103.2444444
WRI1016143,GEO,25.71721672,-100.0958133
WRI1016144,GEO,22.49774875,-97.90221691
WRI1016145,GEO,22.49402167,-97.90168047
WRI1016148,GEO,31.33259835,-106.4885902
WRI1016149,GEO,31.22230713,-109.6078062
WRI1016152,GEO,20.84504591,-97.24447489
WRI1016153,GEO,21.25802141,-98.78648758
WRI1017185,GEO,49.09,-64.65
WRI1017190,GEO,48.692,-67.9
WRI1017205,GEO,48.236,-66.146
WRI1017210,GEO,50.1594,-107.4664
WRI1017222,GEO,50.0172,-108.5096
WRI1017262,GEO,49.202,-65.65
WRI1017265,GEO,52.2664,-112.044
WRI1017281,GEO,43.8484,-81.659
WRI1017285,GEO,48.4444,-67.728
WRI1017289,GEO,49.053,-66.748
WRI1017305,GEO,44.0915,-80.2986
WRI1017306,GEO,44.1415,-80.2929
WRI1017313,GEO,49.1888,-64.983
WRI1017320,GEO,48.2265,-65.6652
WRI1017347,GEO,42.8072,-80.15
WRI1017348,GEO,46.6131,-84.4806
WRI1017352,GEO,55.2054,-120.843
WRI1017391,GEO,50.0539,-108.4244
WRI1017413,GEO,44.1732,-76.4446
WRI1017612,GEO,17.18072905,-93.60089779
WRI1017620,GEO,-38.9362,-68.357
WRI1017621,GEO,-34.58395,-69.03622
WRI1017627,GEO,-40.5861,-70.7525
WRI1017649,GEO,-39.10755,-68.5854
WRI1017651,GEO,-33.9669,-59.20624
WRI1017662,GEO,-32.191,-64.323
WRI1017673,GEO,-25.2697,-65.3308
WRI1017683,GEO,-32.1753,-64.3743
WRI1017690,GEO,-34.5723,-58.381
WRI1017713,GEO,-45.815,-67.4436
WRI1017719,GEO,-34.6254,-58.3392
WRI1017721,GEO,-33.0346,-68.7958
WRI1017730,GEO,-26.9952,-65.16133
WRI1017731,GEO,-26.9935,-65.1684
WRI1017732,GEO,-26.997,-65.1685
WRI1017741,GEO,-31.3931,-64.2058
WRI1017743,GEO,-34.8905,-57.9323
WRI1017744,GEO,-34.6529,-58.3419
WRI1017749,GEO,-26.6156,-65.1929
WRI1017754,GEO,-33.29932,-68.71987
WRI1017756,GEO,-39.2663,-68.7571
WRI1017766,GEO,-34.61,-68.61357
WRI1017768,GEO,-25.2323,-64.4762
WRI1017769,GEO,-32.2316,-64.44398
WRI1017770,GEO,-34.8747,-57.91854
WRI1017777,GEO,-32.1784,-64.4207
WRI1017784,GEO,-43.1292,-71.63
WRI1017788,GEO,-34.9022,-58.7333
WRI1017789,GEO,-34.9022,-58.7333
WRI1017794,GEO,-38.946,-67.6008
WRI1017833,GEO,-34.8747,-57.91854
WRI1017843,GEO,-27.4185,-55.9098
WRI1017875,GEO,-38.5127,-68.6061
WRI1017882,GEO,-31.5186,-68.9825
WRI1017886,GEO,-31.8184,-64.5033
WRI1017889,GEO,-34.60266,-68.64142
WRI1017893,GEO,-33.0534,-68.981
WRI1017895,GEO,-34.1845,-59.006
WRI1017897,GEO,-36.7208,-56.694
WRI1017898,GEO,-38.0497,-57.5463
WRI1017913,GEO,-33.1607,-64.3649
WRI1017919,GEO,-38.5785,-58.7109
WRI1017920,GEO,-34.833,-68.5168
WRI1017941,GEO,-24.2595,-65.1871
WRI1017945,GEO,-33.3652,-60.1438
WRI1017962,GEO,-45.7926,-67.5139
WRI1017968,GEO,-40.0112,-69.9903
WRI1017971,GEO,-40.19025,-69.992
WRI1017972,GEO,-32.1675,-64.2438
WRI1017979,GEO,-38.5609,-68.4748
WRI1017993,GEO,-27.1149,-65.7523
WRI1017997,GEO,-42.7368,-65.055
WRI1018007,GEO,-31.474,-68.65
WRI1018017,GEO,-33.1519,-64.362
WRI1018018,GEO,-33.1519,-64.362
WRI1018021,GEO,-32.2254,-64.63853
WRI1018024,GEO,-27.5225,-64.8861
WRI1018038,GEO,-31.2755,-57.9374
WRI1018042,GEO,-31.2755,-57.9374
WRI1018048,GEO,-31.4384,-62.1115
WRI1018052,GEO,-31.4384,-62.1115
WRI1018060,GEO,-33.3559,-60.1734
WRI1018063,GEO,-31.3533,-64.3938
WRI1018078,GEO,-32.905,-60.6805
WRI1018088,GEO,-33.3652,-60.1438
WRI1018092,GEO,-32.5687,-60.7982
WRI1018114,GEO,-37.2479,-56.9966
WRI1018117,GEO,-32.4311,-63.1927
WRI1018121,GEO,-27.4828,-56.7251
WRI1018124,GEO,-23.00773,-44.4588
WRI1018125,GEO,-9.361627,-38.2145
WRI1018128,GEO,-22.1538,-48.7537
WRI1018134,GEO,-21.5752,-46.6238
WRI1018135,GEO,-12.622,-38.3488
WRI1018137,GEO,-13.4018,-48.1424
WRI1018138,GEO,-31.5514,-53.6828
WRI1018141,GEO,-29.9512,-51.623
WRI1018147,GEO,-29.4478,-53.2854
WRI1018149,GEO,-20.77778,-51.629167
WRI1018151,GEO,-6.588,-47.4646
WRI1018152,GEO,-21.6033,-46.9495
WRI1018154,GEO,-23.8523,-50.3907
WRI1018158,GEO,-26.00944,-51.66667
WRI1018159,GEO,-25.54381,-53.498
WRI1018160,GEO,-25.79306,-52.113056
WRI1018166,GEO,-20.38278,-51.36222
WRI1018168,GEO,-25.4082,-54.5898
WRI1018170,GEO,-20.02195,-47.4346
WRI1018171,GEO,-23.1957,-46.0209
WRI1018173,GEO,-28.454,-48.969
WRI1018176,GEO,-21.6255,-47.0088
WRI1018177,GEO,-9.1439,-38.3133
WRI1018178,GEO,-27.5256,-51.78528
WRI1018180,GEO,-18.909,-48.0425
WRI1018185,GEO,-21.117,-50.2019
WRI1018186,GEO,-19.13,-47.6974
WRI1018187,GEO,-23.4126,-45.6026
WRI1018193,GEO,-9.396944,-38.202222
WRI1018194,GEO,-9.4158,-38.20715
WRI1018197,GEO,-29.97029,-51.19495
WRI1018198,GEO,-22.47528,-52.95833
WRI1018206,GEO,-22.9043,-49.9986
WRI1018208,GEO,-25.629,-52.6152
WRI1018209,GEO,-8.7515,-63.4546
WRI1018218,GEO,-9.4316,-40.8278
WRI1018223,GEO,-29.7652,-57.0002
WRI1018224,GEO,-20.0345,-48.223
WRI1018227,GEO,-37.3644,-71.4895
WRI1018229,GEO,-33.501,-70.1931
WRI1018237,GEO,-37.31,-71.6267
WRI1018239,GEO,-23.0912,-70.417
WRI1018243,GEO,-32.917,-70.3287
WRI1018244,GEO,-37.0218,-73.1663
WRI1018250,GEO,-34.034,-70.6136
WRI1018251,GEO,-31.3022,-71.6185
WRI1018253,GEO,-41.5278,-72.3416
WRI1018265,GEO,-34.2755,-70.4523
WRI1018273,GEO,-35.7863,-70.8075
WRI1018293,GEO,-35.8055,-70.9417
WRI1018326,GEO,-37.2728,-71.4593
WRI1018355,GEO,-32.90055,-70.26325
WRI1018357,GEO,-28.47,-71.2535
WRI1018359,GEO,-35.8096,-70.8353
WRI1018362,GEO,-32.917,-70.3287
WRI1018366,GEO,-34.8338,-70.5535
WRI1018367,GEO,-34.7516,-70.7142
WRI1018370,GEO,-33.1031,-71.677
WRI1018371,GEO,-33.1031,-71.677
WRI1018372,GEO,-37.24417,-72.52976
WRI1018387,GEO,-35.7913,-70.9819
WRI1018398,GEO,-30.7438,-70.5878
WRI1018401,GEO,-37.086,-72.3249
WRI1018403,GEO,-32.8665,-70.4079
WRI1018405,GEO,-32.8439,-71.013
WRI1018409,GEO,-35.7323,-71.3978
WRI1018411,GEO,-33.5306,-70.2616
WRI1018413,GEO,-37.5365,-71.7073
WRI1018430,GEO,-32.9366,-71.3232
WRI1018432,GEO,-32.9366,-71.3232
WRI1018437,GEO,-33.4184,-70.687
WRI1018442,GEO,-38.0424,-71.4786
WRI1018443,GEO,-37.9105,-71.6117
WRI1018447,GEO,-35.7329,-71.1575
WRI1018463,GEO,-39.5956,-72.2172
WRI1018470,GEO,-33.8128,-70.2194
WRI1018472,GEO,-37.3362,-71.9565
WRI1018476,GEO,-37.9992,-71.5196
WRI1018477,GEO,-34.0414,-71.5886
WRI1018480,GEO,-33.4173,-70.6883
WRI1018493,GEO,-35.6147,-71.5412
WRI1018494,GEO,-32.936,-71.315
WRI1018495,GEO,-32.936,-71.315
WRI1018499,GEO,-37.093,-72.3164
WRI1018503,GEO,-34.2527,-70.631
WRI1018504,GEO,-34.2356,-70.6553
WRI1018523,GEO,-24.988,-70.466
WRI1018562,GEO,10.3555,-75.5109
WRI1018566,GEO,4.90083,-73.29694
WRI1018573,GEO,5.56055,-74.8866
WRI1018575,GEO,6.9394,-75.1398
WRI1018576,GEO,6.21083,-74.84055
WRI1018580,GEO,10.9368,-74.7643
WRI1018582,GEO,6.4656,-74.3912
WRI1018584,GEO,5.7682,-73.1472
WRI1018585,GEO,3.5649,-76.4532
WRI1018588,GEO,4.9666,-73.9166
WRI1018635,GEO,8.30386,-62.6677
WRI1018642,GEO,10.2898,-66.6813
WRI1018645,GEO,8.16,-62.8
WRI1018650,GEO,11.75,-70.1716
WRI1018656,GEO,10.2561,-66.7922
WRI1018659,GEO,8.836265,-70.0989
WRI1018660,GEO,10.1771,-67.9462
WRI1018665,GEO,10.4949,-68.1552
WRI1018672,GEO,10.59775,-71.6135
WRI1018677,GEO,7.76585,-62.9982
WRI1018680,GEO,10.4883,-71.6354
WRI1018682,GEO,48.18916,15.0682
WRI1018683,GEO,56.583,25.2394
WRI1018684,GEO,56.9904,24.1788
WRI1018685,GEO,56.918,24.2766
WRI1018686,GEO,56.852,24.2724
WRI1018687,GEO,56.7405,24.7113
WRI1018688,GEO,56.918,24.2766
WRI1018707,GEO,39.1951,27.6357
WRI1018712,GEO,39.0777,37.2955
WRI1018721,GEO,39.9509,28.8702
WRI1018759,GEO,41.2407,36.4776
WRI1018918,GEO,38.1595,41.2025
WRI1018919,GEO,37.3732,36.4615
WRI1018921,GEO,37.05333,37.89
WRI1018928,GEO,38.34692,40.0252
WRI1018929,GEO,36.5342,33.1911
WRI1018937,GEO,38.226,39.1352
WRI1018939,GEO,38.80734,38.7537
WRI1018946,GEO,37.6762,36.8493
WRI1018948,GEO,40.7707,34.7881
WRI1018953,GEO,37.5008,36.5965
WRI1019025,GEO,40.1135,44.504
WRI1019026,GEO,40.1135,44.504
WRI1019029,GEO,39.3194392,46.1460919
WRI1019031,GEO,39.6494,45.85
WRI1019032,GEO,51.666,21.464
WRI1019033,GEO,50.135,18.5223
WRI1019035,GEO,50.751,17.8825
WRI1019037,GEO,53.207,14.465
WRI1019040,GEO,51.666,21.464
WRI1019044,GEO,50.2086,19.4609
WRI1019046,GEO,52.1872,21.0889
WRI1019052,GEO,49.976,19.804
WRI1019056,GEO,50.5525,22.081111
WRI1019065,GEO,49.3956,22.454
WRI1019067,GEO,51.9513,15.488
WRI1019069,GEO,50.356,18.29
WRI1019073,GEO,52.4363,16.9879
WRI1019078,GEO,52.283,18.27
WRI1019084,GEO,52.4363,16.9879
WRI1019092,GEO,44.6698,23.4077
WRI1019093,GEO,44.32154151,28.05684456
WRI1019094,GEO,44.9068,23.1383
WRI1019095,GEO,44.6733,22.532
WRI1019096,GEO,45.9134,22.8254
WRI1019097,GEO,44.8802,25.9988
WRI1019098,GEO,46.4677,24.1833
WRI1019099,GEO,44.3886,23.718
WRI1019100,GEO,45.4472,23.7683
WRI1019102,GEO,45.436,27.9814
WRI1019104,GEO,45.3391,22.7213
WRI1019106,GEO,44.4233,25.979
WRI1019107,GEO,44.4233,25.979
WRI1019108,GEO,44.345,23.8156
WRI1019109,GEO,44.59028,28.565278
WRI1019110,GEO,44.3074,22.5672
WRI1019111,GEO,44.8802,25.9988
WRI1019112,GEO,45.3667,24.6307
WRI1019113,GEO,46.6679,23.059
WRI1019114,GEO,46.9386,26.1029
WRI1019116,GEO,44.372,26.1073
WRI1019118,GEO,45.04,24.29
WRI1019120,GEO,45.6892,23.6094
WRI1019121,GEO,45.5879,23.6279
WRI1019122,GEO,45.426,22.4757
WRI1019123,GEO,45.3647,23.261
WRI1019128,GEO,45.0444,22.9472
WRI1019129,GEO,39.0116,-8.9519
WRI1019132,GEO,40.1247,-8.7751
WRI1019146,GEO,41.684,-8.02174
WRI1019147,GEO,41.4886,-6.2656
WRI1019153,GEO,41.0965,-8.2631
WRI1019155,GEO,41.7634,-8.209
WRI1019163,GEO,48.0122,13.5895
WRI1019167,GEO,50.4146,14.4138
WRI1019176,GEO,48.6333,14.2375
WRI1019183,GEO,48.6333,14.2375
WRI1019222,GEO,50.0275,15.4533
WRI1019289,GEO,53.4441,6.856
WRI1019290,GEO,52.5772,5.53
WRI1019295,GEO,51.9626,4.0217
WRI1019296,GEO,51.9626,4.0217
WRI1019298,GEO,52.4049,4.8465
WRI1019305,GEO,52.5772,5.53
WRI1019306,GEO,52.468,6.1088
WRI1019307,GEO,51.8561,5.8294
WRI1019310,GEO,52.3389,5.0213
WRI1019313,GEO,52.4758,4.6048
WRI1019331,GEO,62.02722,14.284
WRI1019333,GEO,62.0411,14.9004
WRI1019338,GEO,39.9783,116.4382
WRI1019341,GEO,24.5459,118.2262
WRI1019351,GEO,31.73576,120.03705
WRI1019357,GEO,30.06637,121.10376
WRI1019410,GEO,38.3585,22.6883
WRI1019457,GEO,12.6764,101.1356
WRI1019458,GEO,12.644,101.161
WRI1019459,GEO,13.0862,101.086
WRI1019460,GEO,12.67628,101.13715
WRI1019462,GEO,13.0002,101.1367
WRI1019463,GEO,12.7014,101.1258
WRI1019464,GEO,12.7547,101.1637
WRI1019466,GEO,12.7623,101.1562
WRI1019468,GEO,9.2357,99.8593
WRI1019478,GEO,12.67465,101.1346
WRI1019479,GEO,12.6943,101.1454
WRI1019482,GEO,14.605,101.0259
WRI1019483,GEO,13.492,100.8416
WRI1019487,GEO,13.0913,100.8943
WRI1019493,GEO,13.0988,100.9606
WRI1019532,GEO,23.9086,71.2027
WRI1019533,GEO,23.9086,71.2027
WRI1019535,GEO,23.9086,71.2027
WRI1019866,GEO,-5.298,38.604
WRI1019867,GEO,-7.64,36.883
WRI1019868,GEO,-8.5752,35.851
WRI1019869,GEO,-7.1366,35.988
WRI1019870,GEO,-3.826,37.47
WRI1019871,GEO,-5.349,38.651
WRI1019872,GEO,-6.794,39.2086
WRI1019877,GEO,-6.6741,39.1873
WRI1020021,GEO,35.593,136.4553
WRI1020030,GEO,43.422,141.8439
WRI1020031,GEO,43.4639,141.891
WRI1020035,GEO,33.856,134.6513
WRI1020036,GEO,33.9327,133.1677
WRI1020037,GEO,33.3552,129.6925
WRI1020039,GEO,26.446,127.9214
WRI1020040,GEO,26.3799,127.8757
WRI1020041,GEO,34.7535,134.7663
WRI1020042,GEO,26.43074,127.8419
WRI1020046,GEO,36.9128,140.8128
WRI1020062,GEO,34.067,136.207
WRI1020064,GEO,37.8427,140.9456
WRI1020065,GEO,34.7032,135.24
WRI1020066,GEO,35.4954,139.745
WRI1020067,GEO,35.36186983,139.8651195
WRI1020068,GEO,35.9409,140.6888
WRI1020070,GEO,35.51228,139.76257
WRI1020071,GEO,37.99625,139.2373
WRI1020072,GEO,33.26725,131.707583
WRI1020077,GEO,38.9686,139.8322
WRI1020115,GEO,33.11169404,139.777986
WRI1020116,GEO,33.1053,131.1874
WRI1020117,GEO,39.8291,140.86494
WRI1020119,GEO,39.92705549,140.9332665
WRI1020120,GEO,42.1331,140.4553
WRI1020121,GEO,31.9318,130.7977
WRI1020122,GEO,38.8098,140.7086
WRI1020123,GEO,39.9813,140.7819
WRI1020124,GEO,33.1217,131.190217
WRI1020125,GEO,39.9813,140.78218
WRI1020126,GEO,33.2115,131.2731
WRI1020127,GEO,39.0012,140.6039
WRI1020128,GEO,31.19083,130.61422
WRI1020129,GEO,37.44,139.694
WRI1020236,GEO,37.3357,139.30243
WRI1020249,GEO,47.3283,18.9169
WRI1020277,GEO,44.6684,22.5268
WRI1020278,GEO,44.7307,21.2104
WRI1020281,GEO,43.9645,19.4102
WRI1020282,GEO,43.9645,19.4102
WRI1020283,GEO,44.7229,21.1717
WRI1020284,GEO,44.30646,22.5667
WRI1020285,GEO,44.4806,20.2934
WRI1020288,GEO,44.2248,21.1627
WRI1021293,GEO,45.457,8.6496
WRI1021298,GEO,42.554,12.6176
WRI1021322,GEO,40.9319,14.385
WRI1021763,GEO,43.236,10.8672
WRI1021869,GEO,37.1399,15.2158
WRI1022033,GEO,56.603,11.209
WRI1022038,GEO,55.486,7.84
WRI1022042,GEO,56.4584,10.0475
WRI1022044,GEO,56.1214,9.0068
WRI1022047,GEO,-17.7772,-71.186983
WRI1022049,GEO,-13.7159,-75.9695
WRI1022052,GEO,-12.498,-76.729
WRI1022053,GEO,-12.498,-76.729
WRI1022056,GEO,-12.0401,-77.0119
WRI1022057,GEO,-11.9358,-77.118
WRI1022059,GEO,-11.811254,-76.62483
WRI1022060,GEO,-11.32484,-75.30056
WRI1022064,GEO,-17.7762,-71.18958