id,country,capacity_mw,commissioning_year,latitude,longitude,generation_gwh,capacity_factor,fuel1,fuel2,fuel3,fuel4
BRA0002873,Brazil,811.45,1993,-20.668639,-51.299981,1290240.0,0.181511702795,Hydro
BRA0002873,Brazil,811.45,1993,-20.668639,-51.299981,1271424.0,0.178864657129,Hydro
BRA0002873,Brazil,811.45,1993,-20.668639,-51.299981,2765817.6,0.389096805397,Hydro
BRA0030691,Brazil,29.7,2014,-3.066556,-39.702588,0.0,0.0,Wind
BRA0030691,Brazil,29.7,2014,-3.066556,-39.702588,0.0,0.0,Wind
BRA0030691,Brazil,29.7,2014,-3.066556,-39.702588,97003.2,0.372842581062,Wind
BRA0028530,Brazil,13.12,2002,-7.23244,-39.477965,0.0,0.0,Oil
BRA0028530,Brazil,13.12,2002,-7.23244,-39.477965,0.0,0.0,Oil
BRA0028530,Brazil,13.12,2002,-7.23244,-39.477965,285.6,0.00248496491814,Oil
BRA0027872,Brazil,44.4,2005,-23.068442,-49.838067,246792.0,0.634518079724,Hydro
BRA0027872,Brazil,44.4,2005,-23.068442,-49.838067,198408.0,0.51011970875,Hydro
BRA0027872,Brazil,44.4,2005,-23.068442,-49.838067,261038.4,0.671146488955,Hydro
BRA0030373,Brazil,14.7,2014,-3.52831,-38.89846,0.0,0.0,Wind
BRA0030373,Brazil,14.7,2014,-3.52831,-38.89846,0.0,0.0,Wind
BRA0030373,Brazil,14.7,2014,-3.52831,-38.89846,68964.0,0.535551206784,Wind
BRA0030945,Brazil,30.0,2015,-10.569562,-40.628583,0.0,0.0,Wind
BRA0030945,Brazil,30.0,2015,-10.569562,-40.628583,0.0,0.0,Wind
BRA0027975,Brazil,385.819,2004,-20.74101,-51.654146,2045630.16,0.605256414685,Gas
BRA0027975,Brazil,385.819,2004,-20.74101,-51.654146,2547182.4,0.753654554533,Gas
BRA0027975,Brazil,385.819,2004,-20.74101,-51.654146,1152883.2,0.341112467849,Gas
BRA0031750,Brazil,24.0,2016,-4.998922,-36.954731,0.0,0.0,Wind
BRA0031750,Brazil,24.0,2016,-4.998922,-36.954731,0.0,0.0,Wind
BRA0000657,Brazil,619.0,1977,-22.657953,-51.359778,3407376.0,0.628384269812,Hydro
BRA0000657,Brazil,619.0,1977,-22.657953,-51.359778,3802848.0,0.701316750393,Hydro
BRA0000657,Brazil,619.0,1977,-22.657953,-51.359778,4107784.8,0.757552835993,Hydro
BRA0030662,Brazil,25.388,2013,-3.221667,-39.29,0.0,0.0,Wind
BRA0030662,Brazil,25.388,2013,-3.221667,-39.29,0.0,0.0,Wind
BRA0000718,Brazil,130.845,2008,-29.008333,-51.379167,752640.0,0.656638069618,Hydro
BRA0000718,Brazil,130.845,2008,-29.008333,-51.379167,737688.0,0.643593250824,Hydro
BRA0000718,Brazil,130.845,2008,-29.008333,-51.379167,578692.8,0.504878458618,Hydro
BRA0031616,Brazil,22.55,2014,-2.47851,-54.72109,0.0,0.0,Oil
BRA0031616,Brazil,22.55,2014,-2.47851,-54.72109,0.0,0.0,Oil
BRA0031616,Brazil,22.55,2014,-2.47851,-54.72109,924.0,0.00467758102239,Oil
BRA0001276,Brazil,87.048,2002,-21.685454,-43.447479,629121.36,0.825033393637,Gas
BRA0001276,Brazil,87.048,2002,-21.685454,-43.447479,572762.4,0.751123927218,Gas
BRA0001276,Brazil,87.048,2002,-21.685454,-43.447479,253360.8,0.332258819886,Gas
BRA0030666,Brazil,250.994,1971,-30.129343,-51.297535,0.0,0.0,Biomass
BRA0030666,Brazil,250.994,1971,-30.129343,-51.297535,0.0,0.0,Biomass
BRA0030666,Brazil,250.994,1971,-30.129343,-51.297535,82538.4,0.0375395100314,Biomass
BRA0002001,Brazil,226.0,1973,-27.55,-52.733333,927696.0,0.468590132137,Hydro
BRA0002001,Brazil,226.0,1973,-27.55,-52.733333,1081920.0,0.546490483695,Hydro
BRA0002001,Brazil,226.0,1973,-27.55,-52.733333,1333113.6,0.673371317735,Hydro
BRA0030043,Brazil,105.0,2013,-17.691843,-51.615535,0.0,0.0,Biomass
BRA0030043,Brazil,105.0,2013,-17.691843,-51.615535,0.0,0.0,Biomass
BRA0030043,Brazil,105.0,2013,-17.691843,-51.615535,817252.8,0.888511415525,Biomass
BRA0028534,Brazil,14.76,2002,-7.209424,-39.306113,0.0,0.0,Oil
BRA0028534,Brazil,14.76,2002,-7.209424,-39.306113,0.0,0.0,Oil
BRA0028534,Brazil,14.76,2002,-7.209424,-39.306113,268.8,0.00207892489884,Oil
BRA0028360,Brazil,120.168,2006,-25.708611,-51.998056,749448.0,0.711948477611,Hydro
BRA0028360,Brazil,120.168,2006,-25.708611,-51.998056,788256.0,0.748814673156,Hydro
BRA0028360,Brazil,120.168,2006,-25.708611,-51.998056,768381.6,0.729934712407,Hydro
BRA0000923,Brazil,108.8,1960,-21.603056,-46.949167,211512.0,0.22192284448,Hydro
BRA0000923,Brazil,108.8,1960,-21.603056,-46.949167,255192.0,0.267752820306,Hydro
BRA0000923,Brazil,108.8,1960,-21.603056,-46.949167,358646.4,0.376299355359,Hydro
BRA0030041,Brazil,92.0,2012,-21.199421,-50.196535,0.0,0.0,Biomass
BRA0030041,Brazil,92.0,2012,-21.199421,-50.196535,0.0,0.0,Biomass
BRA0028712,Brazil,70.0,2011,-30.079059,-50.172056,221692.8,0.361534246575,Wind
BRA0028712,Brazil,70.0,2011,-30.079059,-50.172056,204156.96,0.332936986301,Wind
BRA0028712,Brazil,70.0,2011,-30.079059,-50.172056,225036.0,0.36698630137,Wind
BRA0029597,Brazil,261.0,2011,-10.163333,-59.464167,0.0,0.0,Hydro
BRA0029597,Brazil,261.0,2011,-10.163333,-59.464167,0.0,0.0,Hydro
BRA0029597,Brazil,261.0,2011,-10.163333,-59.464167,754219.2,0.329877709547,Hydro
BRA0029268,Brazil,80.0,2007,-18.42521,-50.441735,0.0,0.0,Biomass
BRA0029268,Brazil,80.0,2007,-18.42521,-50.441735,0.0,0.0,Biomass
BRA0029268,Brazil,80.0,2007,-18.42521,-50.441735,375076.8,0.535212328767,Biomass
BRA0027448,Brazil,73.5,2011,-11.9975,-60.697222,0.0,0.0,Hydro
BRA0027448,Brazil,73.5,2011,-11.9975,-60.697222,0.0,0.0,Hydro
BRA0027448,Brazil,73.5,2011,-11.9975,-60.697222,377512.8,0.586327462492,Hydro
BRA0030306,Brazil,30.06,2012,-12.278703,-42.362604,143712.24,0.545758710889,Wind
BRA0030306,Brazil,30.06,2012,-12.278703,-42.362604,145326.72,0.551889827651,Wind
BRA0030306,Brazil,30.06,2012,-12.278703,-42.362604,137054.4,0.520475031672,Wind
BRA0029062,Brazil,30.0,2011,-28.440258,-49.570307,0.0,0.0,Wind
BRA0029062,Brazil,30.0,2011,-28.440258,-49.570307,0.0,0.0,Wind
BRA0029062,Brazil,30.0,2011,-28.440258,-49.570307,60379.2,0.229753424658,Wind
BRA0003045,Brazil,380.0,1974,-20.028889,-48.220833,1188768.0,0.357116077866,Hydro
BRA0003045,Brazil,380.0,1974,-20.028889,-48.220833,914760.0,0.274801730353,Hydro
BRA0003045,Brazil,380.0,1974,-20.028889,-48.220833,1515763.2,0.455348233598,Hydro
BRA0030979,Brazil,16.79,2014,-12.763026,-38.471837,0.0,0.0,Biomass
BRA0030979,Brazil,16.79,2014,-12.763026,-38.471837,0.0,0.0,Biomass
BRA0030979,Brazil,16.79,2014,-12.763026,-38.471837,0.0,0.0,Biomass
BRA0002103,Brazil,176.1,2005,-17.610278,-54.826944,998424.0,0.647219434786,Hydro
BRA0002103,Brazil,176.1,2005,-17.610278,-54.826944,1040760.0,0.674663368416,Hydro
BRA0002103,Brazil,176.1,2005,-17.610278,-54.826944,1104549.6,0.716014406509,Hydro
BRA0028825,Brazil,29.1,2009,-16.216667,-54.933333,0.0,0.0,Hydro
BRA0028825,Brazil,29.1,2009,-16.216667,-54.933333,0.0,0.0,Hydro
BRA0028825,Brazil,29.1,2009,-16.216667,-54.933333,109922.4,0.431210281034,Hydro
BRA0027120,Brazil,120.0,1973,-3.12101,-59.918591,0.0,0.0,Oil
BRA0027120,Brazil,120.0,1973,-3.12101,-59.918591,0.0,0.0,Oil
BRA0027120,Brazil,120.0,1973,-3.12101,-59.918591,0.0,0.0,Oil
BRA0027122,Brazil,87.02,1978,-23.41,-45.600556,401184.0,0.526284305608,Hydro
BRA0027122,Brazil,87.02,1978,-23.41,-45.600556,149352.0,0.195924098696,Hydro
BRA0027122,Brazil,87.02,1978,-23.41,-45.600556,97490.4,0.127890612456,Hydro
BRA0028793,Brazil,9.0,2006,-26.583919,-51.687587,0.0,0.0,Wind
BRA0028793,Brazil,9.0,2006,-26.583919,-51.687587,0.0,0.0,Wind
BRA0028535,Brazil,13.12,2002,-4.861288,-42.781646,0.0,0.0,Oil
BRA0028535,Brazil,13.12,2002,-4.861288,-42.781646,0.0,0.0,Oil
BRA0028535,Brazil,13.12,2002,-4.861288,-42.781646,201.6,0.00175409288339,Oil
BRA0001225,Brazil,424.0,1971,-20.023056,-47.434444,1705872.0,0.459278883432,Hydro
BRA0001225,Brazil,424.0,1971,-20.023056,-47.434444,1279152.0,0.344391315585,Hydro
BRA0001225,Brazil,424.0,1971,-20.023056,-47.434444,1986381.6,0.534801628328,Hydro
BRA0030873,Brazil,29.7,2015,-5.577778,-35.464,0.0,0.0,Wind
BRA0030873,Brazil,29.7,2015,-5.577778,-35.464,0.0,0.0,Wind
BRA0030873,Brazil,29.7,2015,-5.577778,-35.464,92836.8,0.356828559568,Wind
BRA0001544,Brazil,868.925,2004,-22.298788,-41.873035,6740302.8,0.885509058784,Gas
BRA0001544,Brazil,868.925,2004,-22.298788,-41.873035,6534358.32,0.858453048386,Gas
BRA0001544,Brazil,868.925,2004,-22.298788,-41.873035,6135964.8,0.806113994579,Gas
BRA0001282,Brazil,1551.2,1969,-20.775833,-51.626667,7181160.0,0.528472874734,Hydro
BRA0001282,Brazil,1551.2,1969,-20.775833,-51.626667,6477240.0,0.476670293259,Hydro
BRA0001282,Brazil,1551.2,1969,-20.775833,-51.626667,8105966.4,0.596530834281,Hydro
BRA0030769,Brazil,530.0,2014,-22.718304,-43.633535,1964442.48,0.42311589558,Gas
BRA0030769,Brazil,530.0,2014,-22.718304,-43.633535,3474623.04,0.748389558025,Gas
BRA0030769,Brazil,530.0,2014,-22.718304,-43.633535,2151609.6,0.463429309899,Gas
BRA0002591,Brazil,1240.0,1999,-25.543055,-53.498055,7585032.0,0.69828325232,Hydro
BRA0002591,Brazil,1240.0,1999,-25.543055,-53.498055,7757568.0,0.714167034909,Hydro
BRA0002591,Brazil,1240.0,1999,-25.543055,-53.498055,8131317.6,0.748574679629,Hydro
BRA0027104,Brazil,178.1,1993,-0.009621,-51.171646,0.0,0.0,Oil
BRA0027104,Brazil,178.1,1993,-0.009621,-51.171646,0.0,0.0,Oil
BRA0027104,Brazil,178.1,1993,-0.009621,-51.171646,2940.0,0.00188442694192,Oil
BRA0028562,Brazil,74.0,2009,-27.345556,-52.731111,535752.0,0.826471677157,Hydro
BRA0028562,Brazil,74.0,2009,-27.345556,-52.731111,559776.0,0.863532025176,Hydro
BRA0028562,Brazil,74.0,2009,-27.345556,-52.731111,494995.2,0.76359866716,Hydro
BRA0000641,Brazil,140.0,2004,-20.206111,-42.855278,240576.0,0.196164383562,Hydro
BRA0000641,Brazil,140.0,2004,-20.206111,-42.855278,184128.0,0.150136986301,Hydro
BRA0000641,Brazil,140.0,2004,-20.206111,-42.855278,0.0,0.0,Hydro
BRA0030339,Brazil,68.47,2014,-5.127838,-36.453648,0.0,0.0,Wind
BRA0030339,Brazil,68.47,2014,-5.127838,-36.453648,0.0,0.0,Wind
BRA0030339,Brazil,68.47,2014,-5.127838,-36.453648,183036.0,0.305163145143,Wind
BRA0029705,Brazil,165.87,2010,-3.52743,-44.517385,900930.24,0.620039294678,Oil
BRA0029705,Brazil,165.87,2010,-3.52743,-44.517385,943560.24,0.649378164613,Oil
BRA0029705,Brazil,165.87,2010,-3.52743,-44.517385,309204.0,0.212800749225,Oil
BRA0001432,Brazil,189.0,1973,-19.500483,-40.918464,618912.0,0.373820395738,Hydro
BRA0001432,Brazil,189.0,1973,-19.500483,-40.918464,343056.0,0.207204464739,Hydro
BRA0001432,Brazil,189.0,1973,-19.500483,-40.918464,376152.0,0.227194317605,Hydro
BRA0028444,Brazil,51.0,2010,-5.094353,-36.362875,155030.4,0.347010475423,Wind
BRA0028444,Brazil,51.0,2010,-5.094353,-36.362875,155028.72,0.347006715015,Wind
BRA0028444,Brazil,51.0,2010,-5.094353,-36.362875,156004.8,0.349191512221,Wind
BRA0029562,Brazil,143.04,2009,-7.856787,-35.009368,653486.4,0.521524777052,Oil
BRA0029562,Brazil,143.04,2009,-7.856787,-35.009368,479379.6,0.382576192884,Oil
BRA0029562,Brazil,143.04,2009,-7.856787,-35.009368,75264.0,0.0600655818087,Oil
BRA0029561,Brazil,94.08,2009,-7.856787,-35.009368,430273.2,0.522087002609,Oil
BRA0029561,Brazil,94.08,2009,-7.856787,-35.009368,323752.8,0.392836757991,Oil
BRA0029561,Brazil,94.08,2009,-7.856787,-35.009368,50568.0,0.0613584474886,Oil
BRA0001536,Brazil,378.42,1953,-22.683333,-43.873889,2200632.0,0.66384889443,Hydro
BRA0001536,Brazil,378.42,1953,-22.683333,-43.873889,1787520.0,0.539228356114,Hydro
BRA0001536,Brazil,378.42,1953,-22.683333,-43.873889,2144301.6,0.646856106102,Hydro
BRA0029653,Brazil,148.8,2010,-12.666843,-38.53109,829809.12,0.636606643099,Oil
BRA0029653,Brazil,148.8,2010,-12.666843,-38.53109,648384.24,0.497422484902,Oil
BRA0029653,Brazil,148.8,2010,-12.666843,-38.53109,245044.8,0.187991604065,Oil
BRA0000528,Brazil,658.0,1959,-18.5025,-49.493056,0.0,0.0,Hydro
BRA0000528,Brazil,658.0,1959,-18.5025,-49.493056,0.0,0.0,Hydro
BRA0000528,Brazil,658.0,1959,-18.5025,-49.493056,297628.8,0.05163509181,Hydro
BRA0028565,Brazil,162.0,2004,-12.585181,-38.998644,211848.0,0.149281244715,Hydro
BRA0028565,Brazil,162.0,2004,-12.585181,-38.998644,292824.0,0.206341958397,Hydro
BRA0028565,Brazil,162.0,2004,-12.585181,-38.998644,178332.0,0.125663791646,Hydro
BRA0029276,Brazil,93.046,2006,-3.097954,-60.015535,538512.24,0.660683962771,Oil
BRA0029276,Brazil,93.046,2006,-3.097954,-60.015535,547134.0,0.671261732671,Oil
BRA0029276,Brazil,93.046,2006,-3.097954,-60.015535,493617.6,0.605604121573,Oil
BRA0027888,Brazil,1058.3,2004,-22.709621,-43.245813,7494874.8,0.808446862958,Gas
BRA0027888,Brazil,1058.3,2004,-22.709621,-43.245813,7170288.72,0.773434857402,Gas
BRA0027888,Brazil,1058.3,2004,-22.709621,-43.245813,5023939.2,0.541915374748,Gas
BRA0028564,Brazil,191.89,2009,-27.116667,-49.5,1160040.0,0.690107131869,Hydro
BRA0028564,Brazil,191.89,2009,-27.116667,-49.5,1311072.0,0.779955982202,Hydro
BRA0028564,Brazil,191.89,2009,-27.116667,-49.5,1279236.0,0.761016764028,Hydro
BRA0029272,Brazil,75.477,2006,-2.981565,-60.017757,534680.16,0.808677450683,Gas
BRA0029272,Brazil,75.477,2006,-2.981565,-60.017757,519988.56,0.786457128099,Gas
BRA0029272,Brazil,75.477,2006,-2.981565,-60.017757,469761.6,0.710491320861,Gas
BRA0028567,Brazil,243.2,2009,-12.809825,-48.239303,1265376.0,0.593952775775,Hydro
BRA0028567,Brazil,243.2,2009,-12.809825,-48.239303,1227912.0,0.57636760995,Hydro
BRA0028567,Brazil,243.2,2009,-12.809825,-48.239303,899472.0,0.422201694304,Hydro
BRA0028672,Brazil,30.0,2008,-8.773483,-54.957206,0.0,0.0,Hydro
BRA0028672,Brazil,30.0,2008,-8.773483,-54.957206,0.0,0.0,Hydro
BRA0028672,Brazil,30.0,2008,-8.773483,-54.957206,0.0,0.0,Hydro
BRA0001245,Brazil,121.5,2003,-15.235556,-58.727778,645288.0,0.606279948137,Hydro
BRA0001245,Brazil,121.5,2003,-15.235556,-58.727778,585648.0,0.550245222391,Hydro
BRA0001245,Brazil,121.5,2003,-15.235556,-58.727778,583228.8,0.547972264502,Hydro
BRA0028811,Brazil,50.0,2006,-29.932446,-50.298431,126127.68,0.287962739726,Wind
BRA0028811,Brazil,50.0,2006,-29.932446,-50.298431,114707.04,0.261888219178,Wind
BRA0028811,Brazil,50.0,2006,-29.932446,-50.298431,137088.0,0.31298630137,Wind
BRA0002117,Brazil,319.2,1973,-20.124167,-48.571944,1151136.0,0.411679884643,Hydro
BRA0002117,Brazil,319.2,1973,-20.124167,-48.571944,982296.0,0.35129776496,Hydro
BRA0002117,Brazil,319.2,1973,-20.124167,-48.571944,1540946.4,0.551087478971,Hydro
BRA0028761,Brazil,48.0,2013,-20.083333,-53.174722,0.0,0.0,Hydro
BRA0028761,Brazil,48.0,2013,-20.083333,-53.174722,0.0,0.0,Hydro
BRA0028761,Brazil,48.0,2013,-20.083333,-53.174722,255158.4,0.606826484018,Hydro
BRA0028845,Brazil,24.435,2007,-16.7,-54.76,0.0,0.0,Hydro
BRA0028845,Brazil,24.435,2007,-16.7,-54.76,0.0,0.0,Hydro
BRA0028845,Brazil,24.435,2007,-16.7,-54.76,0.0,0.0,Hydro
BRA0027053,Brazil,3162.0,1994,-9.620889,-37.792369,11139408.0,0.402157469263,Hydro
BRA0027053,Brazil,3162.0,1994,-9.620889,-37.792369,9822288.0,0.354606500134,Hydro
BRA0027053,Brazil,3162.0,1994,-9.620889,-37.792369,8473802.4,0.305923162902,Hydro
BRA0028174,Brazil,25.6,2008,-4.193631,-38.07656,0.0,0.0,Wind
BRA0028174,Brazil,25.6,2008,-4.193631,-38.07656,0.0,0.0,Wind
BRA0028174,Brazil,25.6,2008,-4.193631,-38.07656,40824.0,0.182041952055,Wind
BRA0002082,Brazil,190.0,1954,-23.696288,-46.668591,327.6,0.000196827685652,Oil
BRA0002082,Brazil,190.0,1954,-23.696288,-46.668591,131.04,7.8731074261e-05,Oil
BRA0002082,Brazil,190.0,1954,-23.696288,-46.668591,1327.2,0.000797404470079,Oil
BRA0028819,Brazil,15.4,2011,-13.074167,-58.975389,0.0,0.0,Hydro
BRA0028819,Brazil,15.4,2011,-13.074167,-58.975389,0.0,0.0,Hydro
BRA0001146,Brazil,399.0,2006,-16.738056,-42.574722,1343664.0,0.384426820476,Hydro
BRA0001146,Brazil,399.0,2006,-16.738056,-42.574722,629664.0,0.180149002644,Hydro
BRA0001146,Brazil,399.0,2006,-16.738056,-42.574722,599390.4,0.171487623168,Hydro
BRA0029767,Brazil,350.0,2011,-31.545751,-53.656583,1972267.92,0.643270684932,Coal
BRA0029767,Brazil,350.0,2011,-31.545751,-53.656583,1536215.52,0.501048767123,Coal
BRA0029767,Brazil,350.0,2011,-31.545751,-53.656583,1470974.4,0.479769863014,Coal
BRA0030272,Brazil,30.0,2012,-18.734167,-51.795194,0.0,0.0,Hydro
BRA0030272,Brazil,30.0,2012,-18.734167,-51.795194,0.0,0.0,Hydro
BRA0030272,Brazil,30.0,2012,-18.734167,-51.795194,208689.6,0.794100456621,Hydro
BRA0001042,Brazil,260.0,1971,-25.13865,-48.873828,1403976.0,0.616427818757,Hydro
BRA0001042,Brazil,260.0,1971,-25.13865,-48.873828,1114344.0,0.489262381454,Hydro
BRA0001042,Brazil,260.0,1971,-25.13865,-48.873828,1495401.6,0.656569020021,Hydro
BRA0002913,Brazil,639.9,2000,-29.759899,-56.990535,340458.72,0.0607362879902,Gas
BRA0002913,Brazil,639.9,2000,-29.759899,-56.990535,870203.04,0.155240266566,Gas
BRA0002913,Brazil,639.9,2000,-29.759899,-56.990535,0.0,0.0,Gas
BRA0027952,Brazil,375.12,2001,-22.715454,-43.637757,2699168.64,0.821401881991,Gas
BRA0027952,Brazil,375.12,2001,-22.715454,-43.637757,2232177.36,0.679288673287,Gas
BRA0027952,Brazil,375.12,2001,-22.715454,-43.637757,727591.2,0.221418095981,Gas
BRA0001217,Brazil,180.0,1962,-29.073514,-53.208972,1326864.0,0.841491628615,Hydro
BRA0001217,Brazil,180.0,1962,-29.073514,-53.208972,1306872.0,0.828812785388,Hydro
BRA0001217,Brazil,180.0,1962,-29.073514,-53.208972,1363320.0,0.864611872146,Hydro
BRA0028855,Brazil,9.2,2010,-30.457961,-50.39064,0.0,0.0,Wind
BRA0028855,Brazil,9.2,2010,-30.457961,-50.39064,0.0,0.0,Wind
BRA0000783,Brazil,76.952,1975,0.903056,-51.259167,0.0,0.0,Hydro
BRA0000783,Brazil,76.952,1975,0.903056,-51.259167,0.0,0.0,Hydro
BRA0000783,Brazil,76.952,1975,0.903056,-51.259167,500488.8,0.742455357334,Hydro
BRA0027795,Brazil,127.0,2006,-16.320833,-48.188333,562296.0,0.50542552044,Hydro
BRA0027795,Brazil,127.0,2006,-16.320833,-48.188333,319200.0,0.286916190271,Hydro
BRA0027795,Brazil,127.0,2006,-16.320833,-48.188333,324307.2,0.291506849315,Hydro
BRA0000100,Brazil,640.0,1985,-23.008711,-44.457444,0.0,0.0,Nuclear
BRA0000100,Brazil,640.0,1985,-23.008711,-44.457444,0.0,0.0,Nuclear
BRA0028584,Brazil,136.2,2002,-9.370732,-40.559702,634393.2,0.531713032808,Oil
BRA0028584,Brazil,136.2,2002,-9.370732,-40.559702,469077.84,0.393154909179,Oil
BRA0028584,Brazil,136.2,2002,-9.370732,-40.559702,95726.4,0.0802325347495,Oil
BRA0029457,Brazil,83.657,2010,-18.89444,-44.78167,74088.0,0.101097747308,Hydro
BRA0029457,Brazil,83.657,2010,-18.89444,-44.78167,129528.0,0.176749122845,Hydro
BRA0029457,Brazil,83.657,2010,-18.89444,-44.78167,155450.4,0.212121872074,Hydro
BRA0030911,Brazil,24.0,2014,-3.247016,-39.25023,0.0,0.0,Wind
BRA0030911,Brazil,24.0,2014,-3.247016,-39.25023,0.0,0.0,Wind
BRA0030911,Brazil,24.0,2014,-3.247016,-39.25023,111199.2,0.528915525114,Wind
BRA0029455,Brazil,68.4,2010,-19.117778,-50.645556,353136.0,0.589361531683,Hydro
BRA0029455,Brazil,68.4,2010,-19.117778,-50.645556,387576.0,0.646839701995,Hydro
BRA0029455,Brazil,68.4,2010,-19.117778,-50.645556,345105.6,0.575959304654,Hydro
BRA0029454,Brazil,52.5,2014,-17.35,-47.48333,0.0,0.0,Hydro
BRA0029454,Brazil,52.5,2014,-17.35,-47.48333,0.0,0.0,Hydro
BRA0029454,Brazil,52.5,2014,-17.35,-47.48333,108343.2,0.235579908676,Hydro
BRA0031302,Brazil,27.675,2014,-29.776727,-50.073596,0.0,0.0,Wind
BRA0031302,Brazil,27.675,2014,-29.776727,-50.073596,0.0,0.0,Wind
BRA0031302,Brazil,27.675,2014,-29.776727,-50.073596,75885.6,0.313016792268,Wind
BRA0000012,Brazil,100.71,2008,-29.064753,-51.674942,549192.0,0.622511673964,Hydro
BRA0000012,Brazil,100.71,2008,-29.064753,-51.674942,533400.0,0.60461136887,Hydro
BRA0000012,Brazil,100.71,2008,-29.064753,-51.674942,386954.4,0.438614603439,Hydro
BRA0000630,Brazil,450.0,2002,-13.399167,-48.1425,2101008.0,0.53298021309,Hydro
BRA0000630,Brazil,450.0,2002,-13.399167,-48.1425,2145192.0,0.544188736682,Hydro
BRA0000630,Brazil,450.0,2002,-13.399167,-48.1425,1707165.6,0.433070928463,Hydro
BRA0027210,Brazil,102.0,1956,-19.115556,-42.718611,339864.0,0.380365296804,Hydro
BRA0027210,Brazil,102.0,1956,-19.115556,-42.718611,263592.0,0.295004029009,Hydro
BRA0027210,Brazil,102.0,1956,-19.115556,-42.718611,291127.2,0.325820574805,Hydro
BRA0029459,Brazil,51.0,2011,-28.18,-54.825,0.0,0.0,Hydro
BRA0029459,Brazil,51.0,2011,-28.18,-54.825,0.0,0.0,Hydro
BRA0029459,Brazil,51.0,2011,-28.18,-54.825,288204.0,0.645098039216,Hydro
BRA0000635,Brazil,42.5,1905,-29.393442,-50.746494,205464.0,0.551877518131,Hydro
BRA0000635,Brazil,42.5,1905,-29.393442,-50.746494,208152.0,0.559097502015,Hydro
BRA0000635,Brazil,42.5,1905,-29.393442,-50.746494,219962.4,0.590820306205,Hydro
BRA0029192,Brazil,80.0,2008,-3.070732,-60.014423,0.0,0.0,Oil
BRA0029192,Brazil,80.0,2008,-3.070732,-60.014423,0.0,0.0,Oil
BRA0029192,Brazil,80.0,2008,-3.070732,-60.014423,243129.6,0.346931506849,Oil
BRA0027093,Brazil,262.0,1979,-28.44101,-48.948535,2262975.12,0.985994248667,Coal
BRA0027093,Brazil,262.0,1979,-28.44101,-48.948535,2104771.2,0.917063682945,Coal
BRA0028206,Brazil,138.02,2003,-12.66192,-38.196855,746082.96,0.617079319455,Gas
BRA0028206,Brazil,138.02,2003,-12.66192,-38.196855,824234.88,0.681718154804,Gas
BRA0028206,Brazil,138.02,2003,-12.66192,-38.196855,627244.8,0.518789216572,Gas
BRA0029654,Brazil,168.0,2010,-3.87301,-38.616535,955478.16,0.649243150685,Oil
BRA0029654,Brazil,168.0,2010,-3.87301,-38.616535,920203.2,0.625273972603,Oil
BRA0029654,Brazil,168.0,2010,-3.87301,-38.616535,291429.6,0.198025114155,Oil
BRA0000267,Brazil,237.3,1970,-6.752028,-43.564086,1161384.0,0.558693983109,Hydro
BRA0000267,Brazil,237.3,1970,-6.752028,-43.564086,996240.0,0.479250010102,Hydro
BRA0000267,Brazil,237.3,1970,-6.752028,-43.564086,923244.0,0.444134642583,Hydro
BRA0002687,Brazil,216.75,1989,-8.751647,-63.454364,836976.0,0.440808329778,Hydro
BRA0002687,Brazil,216.75,1989,-8.751647,-63.454364,906528.0,0.477439130366,Hydro
BRA0002687,Brazil,216.75,1989,-8.751647,-63.454364,502118.4,0.264449605789,Hydro
BRA0028326,Brazil,49.5,2002,-8.28351,-35.023868,334056.24,0.770389373184,Gas
BRA0028326,Brazil,49.5,2002,-8.28351,-35.023868,309136.8,0.712920990729,Gas
BRA0028326,Brazil,49.5,2002,-8.28351,-35.023868,121195.2,0.279496333195,Gas
BRA0001285,Brazil,100.956,1962,-23.209444,-49.23,461832.0,0.522213122006,Hydro
BRA0001285,Brazil,100.956,1962,-23.209444,-49.23,471576.0,0.533231078017,Hydro
BRA0001285,Brazil,100.956,1962,-23.209444,-49.23,719124.0,0.813144150144,Hydro
BRA0000908,Brazil,32.01,2006,-18.675833,-51.865556,215544.0,0.768681020058,Hydro
BRA0000908,Brazil,32.01,2006,-18.675833,-51.865556,241752.0,0.862144963261,Hydro
BRA0000908,Brazil,32.01,2006,-18.675833,-51.865556,240962.4,0.859329062408,Hydro
BRA0028760,Brazil,93.0,2010,-19.145556,-50.767222,512064.0,0.62854617764,Hydro
BRA0028760,Brazil,93.0,2010,-19.145556,-50.767222,554904.0,0.681131241715,Hydro
BRA0028760,Brazil,93.0,2010,-19.145556,-50.767222,540052.8,0.662901752835,Hydro
BRA0002755,Brazil,1050.3,1982,-9.431381,-40.827758,2261784.0,0.245829306434,Hydro
BRA0002755,Brazil,1050.3,1982,-9.431381,-40.827758,1744848.0,0.18964444601,Hydro
BRA0002755,Brazil,1050.3,1982,-9.431381,-40.827758,1495384.8,0.162530731598,Hydro
BRA0002127,Brazil,1540.0,1999,-22.477972,-52.956106,8410080.0,0.623412204234,Hydro
BRA0002127,Brazil,1540.0,1999,-22.477972,-52.956106,7983360.0,0.591780821918,Hydro
BRA0002127,Brazil,1540.0,1999,-22.477972,-52.956106,9438105.6,0.699616438356,Hydro
BRA0002043,Brazil,99.11,1962,-22.686389,-43.825278,320040.0,0.368623212343,Hydro
BRA0002043,Brazil,99.11,1962,-22.686389,-43.825278,237384.0,0.273419737029,Hydro
BRA0002043,Brazil,99.11,1962,-22.686389,-43.825278,298989.6,0.344377286618,Hydro
BRA0028770,Brazil,31.5,2010,-4.509917,-37.760728,114722.16,0.415750380518,Wind
BRA0028770,Brazil,31.5,2010,-4.509917,-37.760728,121138.08,0.43900152207,Wind
BRA0028770,Brazil,31.5,2010,-4.509917,-37.760728,112795.2,0.408767123288,Wind
BRA0029119,Brazil,30.0,2012,-16.443333,-51.391389,0.0,0.0,Hydro
BRA0029119,Brazil,30.0,2012,-16.443333,-51.391389,0.0,0.0,Hydro
BRA0029119,Brazil,30.0,2012,-16.443333,-51.391389,4737.6,0.0180273972603,Hydro
BRA0000612,Brazil,169.08,2011,-7.230732,-35.889979,1137360.0,0.767894585039,Oil
BRA0000612,Brazil,169.08,2011,-7.230732,-35.889979,925664.88,0.624967511529,Oil
BRA0000612,Brazil,169.08,2011,-7.230732,-35.889979,141523.2,0.0955501327085,Oil
BRA0028801,Brazil,30.0,2007,-26.577778,-52.496111,0.0,0.0,Hydro
BRA0028801,Brazil,30.0,2007,-26.577778,-52.496111,0.0,0.0,Hydro
BRA0028801,Brazil,30.0,2007,-26.577778,-52.496111,89040.0,0.338812785388,Hydro
BRA0001328,Brazil,32.0,1958,-21.625278,-47.009444,53256.0,0.189982876712,Hydro
BRA0001328,Brazil,32.0,1958,-21.625278,-47.009444,69048.0,0.246318493151,Hydro
BRA0001328,Brazil,32.0,1958,-21.625278,-47.009444,153098.4,0.546155821918,Hydro
BRA0000984,Brazil,1676.0,1980,-26.083333,-51.65,6685896.0,0.455387909896,Hydro
BRA0000984,Brazil,1676.0,1980,-26.083333,-51.65,7353528.0,0.500861477098,Hydro
BRA0000984,Brazil,1676.0,1980,-26.083333,-51.65,7983578.4,0.543775296695,Hydro
BRA0027263,Brazil,185.891,2004,-12.703788,-38.566924,1273525.68,0.782069297791,Gas
BRA0027263,Brazil,185.891,2004,-12.703788,-38.566924,1404721.92,0.862636618027,Gas
BRA0027263,Brazil,185.891,2004,-12.703788,-38.566924,1331517.6,0.817682007345,Gas
BRA0030457,Brazil,30.0,2014,-30.318801,-50.316096,0.0,0.0,Wind
BRA0030457,Brazil,30.0,2014,-30.318801,-50.316096,0.0,0.0,Wind
BRA0029598,Brazil,363.138,2012,-24.06222,-50.70639,0.0,0.0,Hydro
BRA0029598,Brazil,363.138,2012,-24.06222,-50.70639,0.0,0.0,Hydro
BRA0029598,Brazil,363.138,2012,-24.06222,-50.70639,120892.8,0.0380035907705,Hydro
BRA0000647,Brazil,82.5,1999,-22.941389,-50.516944,539784.0,0.746899128269,Hydro
BRA0000647,Brazil,82.5,1999,-22.941389,-50.516944,520800.0,0.720630967206,Hydro
BRA0000647,Brazil,82.5,1999,-22.941389,-50.516944,657115.2,0.909250311333,Hydro
BRA0030557,Brazil,1819.8,2015,-9.340954,-56.777438,0.0,0.0,Hydro
BRA0030557,Brazil,1819.8,2015,-9.340954,-56.777438,0.0,0.0,Hydro
BRA0030557,Brazil,1819.8,2015,-9.340954,-56.777438,3194620.8,0.200397153383,Hydro
BRA0027787,Brazil,90.0,2006,-20.47901,-48.401535,0.0,0.0,Biomass
BRA0027787,Brazil,90.0,2006,-20.47901,-48.401535,0.0,0.0,Biomass
BRA0027787,Brazil,90.0,2006,-20.47901,-48.401535,0.0,0.0,Biomass
BRA0028817,Brazil,29.0,2008,-19.245,-52.899444,0.0,0.0,Hydro
BRA0028817,Brazil,29.0,2008,-19.245,-52.899444,0.0,0.0,Hydro
BRA0028817,Brazil,29.0,2008,-19.245,-52.899444,158575.2,0.624213509684,Hydro
BRA0001194,Brazil,2080.5,1980,-18.421276,-49.115998,5992728.0,0.328815847086,Hydro
BRA0001194,Brazil,2080.5,1980,-18.421276,-49.115998,4118856.0,0.225998097138,Hydro
BRA0001194,Brazil,2080.5,1980,-18.421276,-49.115998,4628282.4,0.253949886915,Hydro
BRA0030025,Brazil,130.0,2010,-18.601272,-51.191284,327697.44,0.287756796628,Biomass
BRA0030025,Brazil,130.0,2010,-18.601272,-51.191284,3917.76,0.00344025289779,Biomass
BRA0030025,Brazil,130.0,2010,-18.601272,-51.191284,0.0,0.0,Biomass
BRA0001268,Brazil,42.0,1995,-14.748333,-58.073889,0.0,0.0,Hydro
BRA0001268,Brazil,42.0,1995,-14.748333,-58.073889,0.0,0.0,Hydro
BRA0001268,Brazil,42.0,1995,-14.748333,-58.073889,224868.0,0.611187214612,Hydro
BRA0028357,Brazil,326.601,2003,-3.677121,-38.856646,2607612.0,0.91142587665,Gas
BRA0028357,Brazil,326.601,2003,-3.677121,-38.856646,2454112.08,0.857773799902,Gas
BRA0028357,Brazil,326.601,2003,-3.677121,-38.856646,1674136.8,0.585152852714,Gas
BRA0028355,Brazil,212.58,2010,-18.066667,-47.666667,870072.0,0.46722780916,Hydro
BRA0028355,Brazil,212.58,2010,-18.066667,-47.666667,498960.0,0.267941029775,Hydro
BRA0028355,Brazil,212.58,2010,-18.066667,-47.666667,376336.8,0.202092491852,Hydro
BRA0028354,Brazil,855.0,2010,-27.141667,-53.039722,5253696.0,0.701446767604,Hydro
BRA0028354,Brazil,855.0,2010,-27.141667,-53.039722,5541480.0,0.739870223504,Hydro
BRA0028354,Brazil,855.0,2010,-27.141667,-53.039722,4944055.2,0.66010510294,Hydro
BRA0030415,Brazil,191.9,2013,-27.621667,-50.988191,0.0,0.0,Hydro
BRA0030415,Brazil,191.9,2013,-27.621667,-50.988191,0.0,0.0,Hydro
BRA0030415,Brazil,191.9,2013,-27.621667,-50.988191,945151.2,0.562240607622,Hydro
BRA0028352,Brazil,96.447,2009,-16.786111,-47.941944,0.0,0.0,Hydro
BRA0028352,Brazil,96.447,2009,-16.786111,-47.941944,0.0,0.0,Hydro
BRA0028352,Brazil,96.447,2009,-16.786111,-47.941944,203968.8,0.241418702386,Hydro
BRA0027115,Brazil,1192.0,1982,-18.451931,-47.985939,3254160.0,0.311643835616,Hydro
BRA0027115,Brazil,1192.0,1982,-18.451931,-47.985939,1740648.0,0.166698078514,Hydro
BRA0027115,Brazil,1192.0,1982,-18.451931,-47.985939,1924843.2,0.184338052772,Hydro
BRA0001197,Brazil,52.0,1955,-21.291327,-44.622353,97440.0,0.213909378293,Hydro
BRA0001197,Brazil,52.0,1955,-21.291327,-44.622353,121968.0,0.267755532139,Hydro
BRA0001197,Brazil,52.0,1955,-21.291327,-44.622353,184598.4,0.405247629083,Hydro
BRA0030385,Brazil,252.0,2014,0.852,-51.2,0.0,0.0,Hydro
BRA0030385,Brazil,252.0,2014,0.852,-51.2,0.0,0.0,Hydro
BRA0030385,Brazil,252.0,2014,0.852,-51.2,792993.6,0.359223744292,Hydro
BRA0001298,Brazil,3.992,1990,-17.279889,-47.525056,0.0,0.0,Hydro
BRA0001298,Brazil,3.992,1990,-17.279889,-47.525056,0.0,0.0,Hydro
BRA0001298,Brazil,3.992,1990,-17.279889,-47.525056,0.0,0.0,Hydro
BRA0028528,Brazil,14.76,2002,-3.732742,-38.643392,0.0,0.0,Oil
BRA0028528,Brazil,14.76,2002,-3.732742,-38.643392,0.0,0.0,Oil
BRA0028528,Brazil,14.76,2002,-3.732742,-38.643392,168.0,0.00129932806177,Oil
BRA0027075,Brazil,206.35,1999,-20.43901,-54.636535,1215772.32,0.672579571217,Gas
BRA0027075,Brazil,206.35,1999,-20.43901,-54.636535,1081199.28,0.598132179997,Gas
BRA0027075,Brazil,206.35,1999,-20.43901,-54.636535,133408.8,0.0738033199345,Gas
BRA0028699,Brazil,54.6,2009,-3.017865,-39.674071,229037.76,0.478861959958,Wind
BRA0028699,Brazil,54.6,2009,-3.017865,-39.674071,233325.12,0.487825781524,Wind
BRA0028699,Brazil,54.6,2009,-3.017865,-39.674071,208538.4,0.436002809975,Wind
BRA0002133,Brazil,26.29,2010,-27.454722,-48.982778,0.0,0.0,Hydro
BRA0002133,Brazil,26.29,2010,-27.454722,-48.982778,0.0,0.0,Hydro
BRA0002133,Brazil,26.29,2010,-27.454722,-48.982778,161397.6,0.700813372447,Hydro
BRA0000955,Brazil,20.0,1963,-23.848232,-50.380813,67646.88,0.386112328767,Coal
BRA0000955,Brazil,20.0,1963,-23.848232,-50.380813,65274.72,0.37257260274,Coal
BRA0000955,Brazil,20.0,1963,-23.848232,-50.380813,64764.0,0.369657534247,Coal
BRA0028529,Brazil,11.48,2002,-4.324621,-38.875535,0.0,0.0,Oil
BRA0028529,Brazil,11.48,2002,-4.324621,-38.875535,0.0,0.0,Oil
BRA0028529,Brazil,11.48,2002,-4.324621,-38.875535,117.6,0.0011693952556,Oil
BRA0029587,Brazil,490.0,2011,-22.909621,-43.729701,2818977.84,0.656736986301,Oil
BRA0029587,Brazil,490.0,2011,-22.909621,-43.729701,3066112.56,0.714311937378,Oil
BRA0029587,Brazil,490.0,2011,-22.909621,-43.729701,3006528.0,0.700430528376,Oil
BRA0001096,Brazil,226.0,2002,-19.986566,-44.088868,1436509.2,0.7255976482,Gas
BRA0001096,Brazil,226.0,2002,-19.986566,-44.088868,1704368.4,0.8608964723,Gas
BRA0001096,Brazil,226.0,2002,-19.986566,-44.088868,832608.0,0.420560067887,Gas
BRA0029583,Brazil,12.5,2011,-28.67101,-55.914701,0.0,0.0,Biomass
BRA0029583,Brazil,12.5,2011,-28.67101,-55.914701,0.0,0.0,Biomass
BRA0029583,Brazil,12.5,2011,-28.67101,-55.914701,0.0,0.0,Biomass
BRA0028112,Brazil,50.0,2003,-15.20711,-48.975835,0.0,0.0,Biomass
BRA0028112,Brazil,50.0,2003,-15.20711,-48.975835,0.0,0.0,Biomass
BRA0028112,Brazil,50.0,2003,-15.20711,-48.975835,67687.2,0.154536986301,Biomass
BRA0028612,Brazil,44.44,2002,-16.397954,-48.934424,75101.04,0.192915798429,Oil
BRA0028612,Brazil,44.44,2002,-16.397954,-48.934424,151678.8,0.389624921396,Oil
BRA0028612,Brazil,44.44,2002,-16.397954,-48.934424,840.0,0.00215775002158,Oil
BRA0030381,Brazil,29.9,2012,-29.912049,-50.282331,0.0,0.0,Wind
BRA0030381,Brazil,29.9,2012,-29.912049,-50.282331,0.0,0.0,Wind
BRA0030381,Brazil,29.9,2012,-29.912049,-50.282331,91375.2,0.34886150181,Wind
BRA0027113,Brazil,396.0,1962,-18.215,-45.259167,701064.0,0.202096305521,Hydro
BRA0027113,Brazil,396.0,1962,-18.215,-45.259167,831768.0,0.239774456898,Hydro
BRA0027113,Brazil,396.0,1962,-18.215,-45.259167,708019.2,0.204101286841,Hydro
BRA0028118,Brazil,46.52,2005,-18.066768,-49.661307,0.0,0.0,Biomass
BRA0028118,Brazil,46.52,2005,-18.066768,-49.661307,0.0,0.0,Biomass
BRA0028118,Brazil,46.52,2005,-18.066768,-49.661307,75516.0,0.185308425305,Biomass
BRA0002038,Brazil,492.1,1957,-20.287778,-47.066111,1439424.0,0.333911416824,Hydro
BRA0002038,Brazil,492.1,1957,-20.287778,-47.066111,757344.0,0.175685418656,Hydro
BRA0002038,Brazil,492.1,1957,-20.287778,-47.066111,1693305.6,0.392805783433,Hydro
BRA0028615,Brazil,31.8,2002,-12.661566,-38.325535,0.0,0.0,Oil
BRA0028615,Brazil,31.8,2002,-12.661566,-38.325535,0.0,0.0,Oil
BRA0028615,Brazil,31.8,2002,-12.661566,-38.325535,95474.4,0.342732833635,Oil
BRA0030792,Brazil,30.24,2016,-14.127156,-42.547096,0.0,0.0,Wind
BRA0030792,Brazil,30.24,2016,-14.127156,-42.547096,0.0,0.0,Wind
BRA0030792,Brazil,30.24,2016,-14.127156,-42.547096,181171.2,0.683916793506,Wind
BRA0001066,Brazil,124.2,2003,-15.123889,-58.964722,490392.0,0.450731255377,Hydro
BRA0001066,Brazil,124.2,2003,-15.123889,-58.964722,474096.0,0.435753204068,Hydro
BRA0001066,Brazil,124.2,2003,-15.123889,-58.964722,458337.6,0.421269274039,Hydro
BRA0031482,Brazil,21.0,2016,-2.96649,-39.879474,0.0,0.0,Wind
BRA0031482,Brazil,21.0,2016,-2.96649,-39.879474,0.0,0.0,Wind
BRA0031485,Brazil,27.0,2016,-2.922547,-39.840652,0.0,0.0,Wind
BRA0031485,Brazil,27.0,2016,-2.922547,-39.840652,0.0,0.0,Wind
BRA0031485,Brazil,27.0,2016,-2.922547,-39.840652,66612.0,0.281633688483,Wind
BRA0000041,Brazil,1396.2,1978,-19.851111,-50.345556,4150272.0,0.339332002912,Hydro
BRA0000041,Brazil,1396.2,1978,-19.851111,-50.345556,3545808.0,0.28991018675,Hydro
BRA0000041,Brazil,1396.2,1978,-19.851111,-50.345556,6876240.0,0.56221093261,Hydro
BRA0000042,Brazil,330.0,2005,-19.498289,-41.023586,622776.0,0.215433789954,Hydro
BRA0000042,Brazil,330.0,2005,-19.498289,-41.023586,274512.0,0.0949605645496,Hydro
BRA0000042,Brazil,330.0,2005,-19.498289,-41.023586,252705.6,0.0874171855542,Hydro
BRA0028995,Brazil,28.03,2008,-19.473611,-52.539722,0.0,0.0,Hydro
BRA0028995,Brazil,28.03,2008,-19.473611,-52.539722,0.0,0.0,Hydro
BRA0028995,Brazil,28.03,2008,-19.473611,-52.539722,152107.2,0.619473264946,Hydro
BRA0027933,Brazil,346.803,2003,-12.59747,-38.273195,480172.56,0.158055781461,Gas
BRA0027933,Brazil,346.803,2003,-12.59747,-38.273195,272338.08,0.0896440397511,Gas
BRA0027933,Brazil,346.803,2003,-12.59747,-38.273195,11860.8,0.00390415481625,Gas
BRA0000060,Brazil,75.0,1994,-20.48185,-47.866225,0.0,0.0,Biomass
BRA0000060,Brazil,75.0,1994,-20.48185,-47.866225,0.0,0.0,Biomass
BRA0000060,Brazil,75.0,1994,-20.48185,-47.866225,258216.0,0.39302283105,Biomass
BRA0027935,Brazil,30.0,1968,-21.715544,-41.328535,12423.6,0.0472739726027,Gas
BRA0027935,Brazil,30.0,1968,-21.715544,-41.328535,133262.64,0.507087671233,Gas
BRA0027935,Brazil,30.0,1968,-21.715544,-41.328535,16396.8,0.0623926940639,Gas
BRA0026834,Brazil,25.0,2007,-20.508056,-41.280833,0.0,0.0,Hydro
BRA0026834,Brazil,25.0,2007,-20.508056,-41.280833,0.0,0.0,Hydro
BRA0026834,Brazil,25.0,2007,-20.508056,-41.280833,43008.0,0.196383561644,Hydro
BRA0030872,Brazil,29.7,2015,-5.537553,-35.446718,0.0,0.0,Wind
BRA0030872,Brazil,29.7,2015,-5.537553,-35.446718,0.0,0.0,Wind
BRA0030872,Brazil,29.7,2015,-5.537553,-35.446718,109048.8,0.419141183525,Wind
BRA0030871,Brazil,27.0,2015,-5.569432,-35.447289,0.0,0.0,Wind
BRA0030871,Brazil,27.0,2015,-5.569432,-35.447289,0.0,0.0,Wind
BRA0030871,Brazil,27.0,2015,-5.569432,-35.447289,94516.8,0.399614408929,Wind
BRA0030870,Brazil,29.7,2015,-5.523005,-35.428529,0.0,0.0,Wind
BRA0030870,Brazil,29.7,2015,-5.523005,-35.428529,0.0,0.0,Wind
BRA0030870,Brazil,29.7,2015,-5.523005,-35.428529,120960.0,0.464923204649,Wind
BRA0002053,Brazil,50.0,2006,-21.884858,-43.540836,145656.0,0.332547945205,Hydro
BRA0002053,Brazil,50.0,2006,-21.884858,-43.540836,153720.0,0.35095890411,Hydro
BRA0002053,Brazil,50.0,2006,-21.884858,-43.540836,208353.6,0.475693150685,Hydro
BRA0030874,Brazil,29.7,2015,-5.521111,-35.469,0.0,0.0,Wind
BRA0030874,Brazil,29.7,2015,-5.521111,-35.469,0.0,0.0,Wind
BRA0030874,Brazil,29.7,2015,-5.521111,-35.469,107570.4,0.413458788801,Wind
BRA0028191,Brazil,386.08,2004,-23.694899,-46.669146,820360.8,0.242562404555,Gas
BRA0029639,Brazil,148.8,2010,-12.666843,-38.53109,840918.96,0.645129805568,Oil
BRA0029639,Brazil,148.8,2010,-12.666843,-38.53109,694910.16,0.533115885992,Oil
BRA0029639,Brazil,148.8,2010,-12.666843,-38.53109,249480.0,0.191394167035,Oil
BRA0028753,Brazil,30.0,2007,-19.333333,-52.666667,0.0,0.0,Hydro
BRA0028753,Brazil,30.0,2007,-19.333333,-52.666667,0.0,0.0,Hydro
BRA0028753,Brazil,30.0,2007,-19.333333,-52.666667,244423.2,0.930073059361,Hydro
BRA0001510,Brazil,400.0,1977,-9.3575,-38.208333,28728.0,0.00819863013699,Hydro
BRA0001510,Brazil,400.0,1977,-9.3575,-38.208333,63000.0,0.0179794520548,Hydro
BRA0001510,Brazil,400.0,1977,-9.3575,-38.208333,42655.2,0.0121732876712,Hydro
BRA0029634,Brazil,30.0,2010,-12.99372,-45.508326,0.0,0.0,Biomass
BRA0029634,Brazil,30.0,2010,-12.99372,-45.508326,0.0,0.0,Biomass
BRA0029634,Brazil,30.0,2010,-12.99372,-45.508326,109569.6,0.416931506849,Biomass
BRA0002731,Brazil,1275.0,1998,-13.835,-48.301111,4571616.0,0.409312919688,Hydro
BRA0002731,Brazil,1275.0,1998,-13.835,-48.301111,4440576.0,0.397580445877,Hydro
BRA0002731,Brazil,1275.0,1998,-13.835,-48.301111,3213487.2,0.287714853613,Hydro
BRA0028756,Brazil,65.0,2010,-18.529444,-51.15,325080.0,0.570916754478,Hydro
BRA0028756,Brazil,65.0,2010,-18.529444,-51.15,348264.0,0.611633298209,Hydro
BRA0028756,Brazil,65.0,2010,-18.529444,-51.15,321602.4,0.564809272919,Hydro
BRA0029736,Brazil,3750.0,2013,-9.331111,-64.734444,3895248.0,0.118576803653,Hydro
BRA0029736,Brazil,3750.0,2013,-9.331111,-64.734444,11302368.0,0.344059908676,Hydro
BRA0029736,Brazil,3750.0,2013,-9.331111,-64.734444,9560476.8,0.29103430137,Hydro
BRA0028012,Brazil,29.5,1969,-20.675275,-53.567561,200928.0,0.777524959368,Hydro
BRA0028012,Brazil,29.5,1969,-20.675275,-53.567561,143808.0,0.556489435802,Hydro
BRA0028012,Brazil,29.5,1969,-20.675275,-53.567561,190898.4,0.738713721848,Hydro
BRA0001113,Brazil,187.169,1924,-21.85,-42.583333,426720.0,0.260258529816,Hydro
BRA0001113,Brazil,187.169,1924,-21.85,-42.583333,385728.0,0.235257316716,Hydro
BRA0001113,Brazil,187.169,1924,-21.85,-42.583333,590620.8,0.360222396622,Hydro
BRA0027483,Brazil,243.675,2006,-18.790278,-48.147222,1039416.0,0.486938727898,Hydro
BRA0027483,Brazil,243.675,2006,-18.790278,-48.147222,915600.0,0.428934227743,Hydro
BRA0027483,Brazil,243.675,2006,-18.790278,-48.147222,1127330.4,0.528124284114,Hydro
BRA0000588,Brazil,80.4,1966,-21.576667,-46.624167,144816.0,0.205615756832,Hydro
BRA0000588,Brazil,80.4,1966,-21.576667,-46.624167,173544.0,0.246404961494,Hydro
BRA0000588,Brazil,80.4,1966,-21.576667,-46.624167,366811.2,0.520813739522,Hydro
BRA0027003,Brazil,529.2,2001,-15.596,-56.097,3010428.96,0.649388272813,Gas
BRA0027003,Brazil,529.2,2001,-15.596,-56.097,3398324.16,0.733062259912,Gas
BRA0027003,Brazil,529.2,2001,-15.596,-56.097,138583.2,0.0298941798942,Gas
BRA0028358,Brazil,219.077,2002,-3.68851,-38.862202,1093352.4,0.569717121415,Gas
BRA0028358,Brazil,219.077,2002,-3.68851,-38.862202,528502.8,0.27538888091,Gas
BRA0028358,Brazil,219.077,2002,-3.68851,-38.862202,211394.4,0.110152050749,Gas
BRA0028014,Brazil,249.9,2009,-23.929343,-46.423868,1528079.28,0.698032308814,Gas
BRA0028014,Brazil,249.9,2009,-23.929343,-46.423868,1720279.68,0.785830167684,Gas
BRA0028014,Brazil,249.9,2009,-23.929343,-46.423868,1643107.2,0.75057749127,Gas
BRA0030202,Brazil,337.6,2013,-26.287518,-48.878529,2411839.92,0.815533743427,Gas
BRA0030202,Brazil,337.6,2013,-26.287518,-48.878529,1151619.84,0.389405959878,Gas
BRA0030202,Brazil,337.6,2013,-26.287518,-48.878529,1908597.6,0.645368597027,Gas
BRA0001175,Brazil,456.0,2003,-15.940278,-39.520556,967008.0,0.242081230473,Hydro
BRA0001175,Brazil,456.0,2003,-15.940278,-39.520556,382368.0,0.0957221821677,Hydro
BRA0001175,Brazil,456.0,2003,-15.940278,-39.520556,522530.4,0.130810502283,Hydro
BRA0001356,Brazil,1140.0,2002,-27.527778,-51.790278,6773928.0,0.67831530882,Hydro
BRA0001356,Brazil,1140.0,2002,-27.527778,-51.790278,6898248.0,0.690764239366,Hydro
BRA0001356,Brazil,1140.0,2002,-27.527778,-51.790278,6321252.0,0.632986061043,Hydro
BRA0000764,Brazil,414.0,1970,-23.128611,-49.731389,1660680.0,0.457911455231,Hydro
BRA0000764,Brazil,414.0,1970,-23.128611,-49.731389,1495200.0,0.412282443253,Hydro
BRA0000764,Brazil,414.0,1970,-23.128611,-49.731389,2490600.0,0.686751373172,Hydro
BRA0030115,Brazil,120.0,2014,-22.434107,-53.568535,0.0,0.0,Biomass
BRA0030115,Brazil,120.0,2014,-22.434107,-53.568535,0.0,0.0,Biomass
BRA0030115,Brazil,120.0,2014,-22.434107,-53.568535,362191.2,0.344550228311,Biomass
BRA0029664,Brazil,174.6,2010,-20.37396,-40.429282,1212637.44,0.79283465926,Oil
BRA0029664,Brazil,174.6,2010,-20.37396,-40.429282,953823.36,0.623619388348,Oil
BRA0029664,Brazil,174.6,2010,-20.37396,-40.429282,327062.4,0.213836714839,Oil
BRA0030305,Brazil,30.06,2012,-12.312699,-42.350988,147774.48,0.561185391774,Wind
BRA0030305,Brazil,30.06,2012,-12.312699,-42.350988,143808.0,0.546122367138,Wind
BRA0030305,Brazil,30.06,2012,-12.312699,-42.350988,133543.2,0.507140969203,Wind
BRA0001574,Brazil,510.0,1994,-19.133056,-47.693611,1427160.0,0.319446682783,Hydro
BRA0001574,Brazil,510.0,1994,-19.133056,-47.693611,1132488.0,0.253489121676,Hydro
BRA0001574,Brazil,510.0,1994,-19.133056,-47.693611,1500928.8,0.335958635509,Hydro
BRA0002563,Brazil,78.0,1951,-19.646564,-42.849906,248640.0,0.363891815947,Hydro
BRA0002563,Brazil,78.0,1951,-19.646564,-42.849906,209328.0,0.306357569371,Hydro
BRA0002563,Brazil,78.0,1951,-19.646564,-42.849906,239349.6,0.350295047418,Hydro
BRA0030120,Brazil,200.79,2013,-7.85851,-35.008035,1296492.96,0.737095868579,Oil
BRA0030120,Brazil,200.79,2013,-7.85851,-35.008035,852126.24,0.484459808414,Oil
BRA0030120,Brazil,200.79,2013,-7.85851,-35.008035,97154.4,0.0552352454381,Oil
BRA0030912,Brazil,26.0,2014,-3.257869,-39.247531,0.0,0.0,Wind
BRA0030912,Brazil,26.0,2014,-3.257869,-39.247531,0.0,0.0,Wind
BRA0030912,Brazil,26.0,2014,-3.257869,-39.247531,116793.6,0.512792413066,Wind
BRA0030284,Brazil,26.0,2011,-5.165934,-36.31926,82876.08,0.363874604847,Wind
BRA0030284,Brazil,26.0,2011,-5.165934,-36.31926,81345.6,0.357154899895,Wind
BRA0030284,Brazil,26.0,2011,-5.165934,-36.31926,90216.0,0.396101159115,Wind
BRA0030285,Brazil,26.0,2011,-5.173955,-36.302372,80048.64,0.351460484721,Wind
BRA0030285,Brazil,26.0,2011,-5.173955,-36.302372,78335.04,0.343936775553,Wind
BRA0030285,Brazil,26.0,2011,-5.173955,-36.302372,88636.8,0.389167544784,Wind
BRA0000608,Brazil,46.0,1960,-21.325556,-44.616111,54600.0,0.135497319833,Hydro
BRA0000608,Brazil,46.0,1960,-21.325556,-44.616111,91224.0,0.226384752829,Hydro
BRA0000608,Brazil,46.0,1960,-21.325556,-44.616111,144765.6,0.359255509232,Hydro
BRA0030281,Brazil,26.0,2011,-5.185604,-36.360265,79511.04,0.349100105374,Wind
BRA0030281,Brazil,26.0,2011,-5.185604,-36.360265,78630.72,0.345234984194,Wind
BRA0030281,Brazil,26.0,2011,-5.185604,-36.360265,87242.4,0.383045310854,Wind
BRA0000973,Brazil,130.3,1940,-22.703056,-43.881389,758520.0,0.664536002271,Hydro
BRA0000973,Brazil,130.3,1940,-22.703056,-43.881389,598584.0,0.524416783187,Hydro
BRA0000973,Brazil,130.3,1940,-22.703056,-43.881389,708607.2,0.620807619929,Hydro
BRA0027012,Brazil,125.0,2001,-29.449614,-53.285667,973224.0,0.888789041096,Hydro
BRA0027012,Brazil,125.0,2001,-29.449614,-53.285667,919632.0,0.839846575342,Hydro
BRA0027012,Brazil,125.0,2001,-29.449614,-53.285667,815035.2,0.744324383562,Hydro
BRA0027556,Brazil,698.25,2005,-27.776944,-51.193333,4314072.0,0.705297490301,Hydro
BRA0027556,Brazil,698.25,2005,-27.776944,-51.193333,3717672.0,0.607793456243,Hydro
BRA0027556,Brazil,698.25,2005,-27.776944,-51.193333,3845083.2,0.628623613829,Hydro
BRA0027092,Brazil,72.0,1999,-22.936111,-50.249722,429576.0,0.681088280061,Hydro
BRA0027092,Brazil,72.0,1999,-22.936111,-50.249722,429240.0,0.680555555556,Hydro
BRA0027092,Brazil,72.0,1999,-22.936111,-50.249722,569368.8,0.902728310502,Hydro
BRA0002704,Brazil,1710.0,1978,-19.018056,-50.499167,9884280.0,0.659849395177,Hydro
BRA0002704,Brazil,1710.0,1978,-19.018056,-50.499167,8451576.0,0.564205719779,Hydro
BRA0002704,Brazil,1710.0,1978,-19.018056,-50.499167,8797572.0,0.587303532805,Hydro
BRA0028706,Brazil,25.2,2008,-3.431474,-38.961967,0.0,0.0,Wind
BRA0028706,Brazil,25.2,2008,-3.431474,-38.961967,0.0,0.0,Wind
BRA0028706,Brazil,25.2,2008,-3.431474,-38.961967,52248.0,0.236681887367,Wind
BRA0028441,Brazil,42.0,2010,-2.851343,-39.965937,184495.92,0.501456621005,Wind
BRA0028441,Brazil,42.0,2010,-2.851343,-39.965937,136631.04,0.371360730594,Wind
BRA0028441,Brazil,42.0,2010,-2.851343,-39.965937,83260.8,0.226301369863,Wind
BRA0028440,Brazil,28.8,2010,-2.815098,-40.234875,116014.08,0.459847792998,Wind
BRA0028440,Brazil,28.8,2010,-2.815098,-40.234875,111024.48,0.440070395738,Wind
BRA0028440,Brazil,28.8,2010,-2.815098,-40.234875,62445.6,0.247517123288,Wind
BRA0028724,Brazil,28.804,2009,-4.363056,-37.883889,0.0,0.0,Wind
BRA0028724,Brazil,28.804,2009,-4.363056,-37.883889,0.0,0.0,Wind
BRA0028724,Brazil,28.804,2009,-4.363056,-37.883889,20932.8,0.0829603194381,Wind
BRA0030017,Brazil,2.4,2005,-8.93784,-35.750585,0.0,0.0,Biomass
BRA0030017,Brazil,2.4,2005,-8.93784,-35.750585,0.0,0.0,Biomass
BRA0030017,Brazil,2.4,2005,-8.93784,-35.750585,0.0,0.0,Biomass
BRA0030800,Brazil,518.8,2016,-4.822086,-44.355,0.0,0.0,Gas
BRA0030800,Brazil,518.8,2016,-4.822086,-44.355,0.0,0.0,Gas
BRA0030800,Brazil,518.8,2016,-4.822086,-44.355,3660384.0,0.80542030608,Gas
BRA0030330,Brazil,27.6,2012,-29.959532,-50.311392,0.0,0.0,Wind
BRA0030330,Brazil,27.6,2012,-29.959532,-50.311392,0.0,0.0,Wind
BRA0030330,Brazil,27.6,2012,-29.959532,-50.311392,80556.0,0.33318443518,Wind
BRA0002158,Brazil,264.0,1975,-21.296111,-49.783056,640584.0,0.27699252802,Hydro
BRA0002158,Brazil,264.0,1975,-21.296111,-49.783056,920976.0,0.398235782482,Hydro
BRA0002158,Brazil,264.0,1975,-21.296111,-49.783056,1432670.4,0.619495641345,Hydro
BRA0027196,Brazil,112.0,2001,-19.116667,-42.659167,240408.0,0.245034246575,Hydro
BRA0027196,Brazil,112.0,2001,-19.116667,-42.659167,184800.0,0.188356164384,Hydro
BRA0027196,Brazil,112.0,2001,-19.116667,-42.659167,243432.0,0.248116438356,Hydro
BRA0030336,Brazil,27.3,2014,-3.214709,-39.328842,0.0,0.0,Wind
BRA0030336,Brazil,27.3,2014,-3.214709,-39.328842,0.0,0.0,Wind
BRA0030336,Brazil,27.3,2014,-3.214709,-39.328842,81631.2,0.34134176326,Wind
BRA0001100,Brazil,131.0,1963,-19.94801,-44.333535,751716.0,0.655055944787,Oil
BRA0001100,Brazil,131.0,1963,-19.94801,-44.333535,161948.64,0.141124333368,Oil
BRA0001100,Brazil,131.0,1963,-19.94801,-44.333535,0.0,0.0,Oil
BRA0029453,Brazil,140.544,2009,-19.022,-42.123,366576.0,0.297747149238,Hydro
BRA0029453,Brazil,140.544,2009,-19.022,-42.123,221592.0,0.179985559049,Hydro
BRA0029453,Brazil,140.544,2009,-19.022,-42.123,219559.2,0.178334440577,Hydro
BRA0028031,Brazil,532.7557,2004,-8.399066,-34.956924,3770618.88,0.807942449429,Gas
BRA0028031,Brazil,532.7557,2004,-8.399066,-34.956924,3162848.64,0.677713595222,Gas
BRA0028031,Brazil,532.7557,2004,-8.399066,-34.956924,4078552.8,0.873924425732,Gas
BRA0028630,Brazil,25.2,2009,-4.125556,-38.150278,0.0,0.0,Wind
BRA0028630,Brazil,25.2,2009,-4.125556,-38.150278,0.0,0.0,Wind
BRA0028630,Brazil,25.2,2009,-4.125556,-38.150278,33919.2,0.153652968037,Wind
BRA0028631,Brazil,105.0,2009,-2.905097,-41.039248,299901.84,0.326051141553,Wind
BRA0028631,Brazil,105.0,2009,-2.905097,-41.039248,303473.52,0.329934246575,Wind
BRA0028631,Brazil,105.0,2009,-2.905097,-41.039248,268178.4,0.291561643836,Wind
BRA0028038,Brazil,248.5726,2001,-29.87241,-51.137435,1104017.04,0.507012206759,Gas
BRA0028038,Brazil,248.5726,2001,-29.87241,-51.137435,613502.4,0.281746743398,Gas
BRA0028038,Brazil,248.5726,2001,-29.87241,-51.137435,5913.6,0.00271577999003,Gas
BRA0001161,Brazil,7000.0,1989,-25.426944,-54.593056,39652536.0,0.646649315068,Hydro
BRA0001161,Brazil,7000.0,1989,-25.426944,-54.593056,39588864.0,0.645610958904,Hydro
BRA0001161,Brazil,7000.0,1989,-25.426944,-54.593056,48898584.0,0.797432876712,Hydro
BRA0030350,Brazil,30.0,2011,-30.801842,-55.714248,102520.32,0.390107762557,Wind
BRA0030350,Brazil,30.0,2011,-30.801842,-55.714248,82918.08,0.315517808219,Wind
BRA0030350,Brazil,30.0,2011,-30.801842,-55.714248,0.0,0.0,Wind
BRA0002952,Brazil,552.564,1973,-2.62193,-60.250165,0.0,0.0,Oil
BRA0002952,Brazil,552.564,1973,-2.62193,-60.250165,0.0,0.0,Oil
BRA0002952,Brazil,552.564,1973,-2.62193,-60.250165,0.0,0.0,Oil
BRA0030355,Brazil,48.0,2011,-15.27137,-49.157965,0.0,0.0,Biomass
BRA0030355,Brazil,48.0,2011,-15.27137,-49.157965,0.0,0.0,Biomass
BRA0030355,Brazil,48.0,2011,-15.27137,-49.157965,0.0,0.0,Biomass
BRA0002958,Brazil,97.0,1994,-20.61579,-48.0004,0.0,0.0,Biomass
BRA0002958,Brazil,97.0,1994,-20.61579,-48.0004,0.0,0.0,Biomass
BRA0002958,Brazil,97.0,1994,-20.61579,-48.0004,534223.2,0.628704985172,Biomass
BRA0027484,Brazil,210.0,2007,-18.659722,-48.435278,887544.0,0.482465753425,Hydro
BRA0027484,Brazil,210.0,2007,-18.659722,-48.435278,800016.0,0.434885844749,Hydro
BRA0027484,Brazil,210.0,2007,-18.659722,-48.435278,983304.0,0.534520547945,Hydro
BRA0030443,Brazil,30.0,2013,-9.874592,-41.095715,122119.2,0.464684931507,Wind
BRA0030443,Brazil,30.0,2013,-9.874592,-41.095715,111488.16,0.42423196347,Wind
BRA0030443,Brazil,30.0,2013,-9.874592,-41.095715,0.0,0.0,Wind
BRA0000190,Brazil,249.75,1989,-1.915833,-59.473333,1308048.0,0.597880071853,Hydro
BRA0000190,Brazil,249.75,1989,-1.915833,-59.473333,1075872.0,0.491757510936,Hydro
BRA0000190,Brazil,249.75,1989,-1.915833,-59.473333,487284.0,0.222726836425,Hydro
BRA0001084,Brazil,889.0,1926,-23.875278,-46.448611,323568.0,0.0415489159745,Hydro
BRA0001084,Brazil,889.0,1926,-23.875278,-46.448611,245280.0,0.0314960629921,Hydro
BRA0001084,Brazil,889.0,1926,-23.875278,-46.448611,442209.6,0.0567835184985,Hydro
BRA0030290,Brazil,26.0,2011,-5.16732,-36.406751,89898.48,0.394707060063,Wind
BRA0030290,Brazil,26.0,2011,-5.16732,-36.406751,92058.96,0.404192834563,Wind
BRA0030290,Brazil,26.0,2011,-5.16732,-36.406751,95659.2,0.42,Wind
BRA0030295,Brazil,18.9,2014,-3.54216,-38.878403,0.0,0.0,Wind
BRA0030295,Brazil,18.9,2014,-3.54216,-38.878403,0.0,0.0,Wind
BRA0030295,Brazil,18.9,2014,-3.54216,-38.878403,91072.8,0.550076103501,Wind
BRA0027733,Brazil,484.15,2002,-25.584343,-49.346368,3554616.24,0.838124774531,Gas
BRA0027733,Brazil,484.15,2002,-25.584343,-49.346368,2463575.52,0.580873865934,Gas
BRA0027733,Brazil,484.15,2002,-25.584343,-49.346368,79833.6,0.0188235560416,Gas
BRA0030053,Brazil,65.0,2012,-21.209697,-50.189535,0.0,0.0,Biomass
BRA0030053,Brazil,65.0,2012,-21.209697,-50.189535,0.0,0.0,Biomass
BRA0030053,Brazil,65.0,2012,-21.209697,-50.189535,8652.0,0.0151949420443,Biomass
BRA0001401,Brazil,210.9,2000,-14.874444,-55.785833,770952.0,0.417298336549,Hydro
BRA0001401,Brazil,210.9,2000,-14.874444,-55.785833,686448.0,0.37155829225,Hydro
BRA0001401,Brazil,210.9,2000,-14.874444,-55.785833,636316.8,0.344423442909,Hydro
BRA0000866,Brazil,375.3,1996,-17.989283,-48.531028,1850184.0,0.562771700448,Hydro
BRA0000866,Brazil,375.3,1996,-17.989283,-48.531028,1480416.0,0.450299121433,Hydro
BRA0000866,Brazil,375.3,1996,-17.989283,-48.531028,1305679.2,0.397149312513,Hydro
BRA0031344,Brazil,23.8,2015,-14.141481,-42.478267,0.0,0.0,Wind
BRA0031344,Brazil,23.8,2015,-14.141481,-42.478267,0.0,0.0,Wind
BRA0031344,Brazil,23.8,2015,-14.141481,-42.478267,156609.6,0.751168412571,Wind
BRA0027968,Brazil,130.0,2004,-29.030278,-51.520556,689976.0,0.605879873551,Hydro
BRA0027968,Brazil,130.0,2004,-29.030278,-51.520556,668808.0,0.587291886196,Hydro
BRA0027968,Brazil,130.0,2004,-29.030278,-51.520556,517608.0,0.454520547945,Hydro
BRA0029718,Brazil,90.0,2009,-21.51391,-54.701835,0.0,0.0,Biomass
BRA0029718,Brazil,90.0,2009,-21.51391,-54.701835,0.0,0.0,Biomass
BRA0029718,Brazil,90.0,2009,-21.51391,-54.701835,662474.4,0.840277016743,Biomass
BRA0029719,Brazil,381.259,2013,-8.28301,-35.025535,2332394.4,0.69835746433,Oil
BRA0029719,Brazil,381.259,2013,-8.28301,-35.025535,1669735.2,0.499946338567,Oil
BRA0029719,Brazil,381.259,2013,-8.28301,-35.025535,1385143.2,0.414734786229,Oil
BRA0002715,Brazil,1260.0,1992,-25.783333,-52.133333,7553448.0,0.684337899543,Hydro
BRA0002715,Brazil,1260.0,1992,-25.783333,-52.133333,7304304.0,0.661765601218,Hydro
BRA0002715,Brazil,1260.0,1992,-25.783333,-52.133333,8127890.4,0.736382039574,Hydro
BRA0028225,Brazil,322.967,2008,-5.37851,-36.809146,2597498.4,0.918106438713,Gas
BRA0028225,Brazil,322.967,2008,-5.37851,-36.809146,2421617.52,0.855939944838,Gas
BRA0028225,Brazil,322.967,2008,-5.37851,-36.809146,1956830.4,0.691657245952,Gas
BRA0030455,Brazil,30.0,2013,-9.863844,-41.104175,25068.96,0.0953917808219,Wind
BRA0030455,Brazil,30.0,2013,-9.863844,-41.104175,0.0,0.0,Wind
BRA0030455,Brazil,30.0,2013,-9.863844,-41.104175,0.0,0.0,Wind
BRA0001174,Brazil,1479.6,1988,-9.143992,-38.313367,4177656.0,0.322317768223,Hydro
BRA0001174,Brazil,1479.6,1988,-9.143992,-38.313367,3713640.0,0.286517644532,Hydro
BRA0001174,Brazil,1479.6,1988,-9.143992,-38.313367,3173839.2,0.244870512949,Hydro
BRA0029554,Brazil,151.7,2009,-12.656565,-38.265535,872141.76,0.656292430085,Oil
BRA0029554,Brazil,151.7,2009,-12.656565,-38.265535,685814.64,0.516080042622,Oil
BRA0029554,Brazil,151.7,2009,-12.656565,-38.265535,316411.2,0.23810151615,Oil
BRA0029555,Brazil,150.0,2010,-12.686287,-38.292479,858893.28,0.653647853881,Oil
BRA0029555,Brazil,150.0,2010,-12.686287,-38.292479,483050.4,0.36761826484,Oil
BRA0029555,Brazil,150.0,2010,-12.686287,-38.292479,235468.8,0.1792,Oil
BRA0002555,Brazil,354.0,1987,-22.6,-52.869444,1949808.0,0.628759383949,Hydro
BRA0002555,Brazil,354.0,1987,-22.6,-52.869444,2224152.0,0.717227768749,Hydro
BRA0002555,Brazil,354.0,1987,-22.6,-52.869444,2539404.0,0.818887856977,Hydro
BRA0028532,Brazil,14.76,2002,-6.355454,-39.289146,0.0,0.0,Oil
BRA0028532,Brazil,14.76,2002,-6.355454,-39.289146,0.0,0.0,Oil
BRA0028532,Brazil,14.76,2002,-6.355454,-39.289146,285.6,0.00220885770502,Oil
BRA0028531,Brazil,11.48,2002,-4.549065,-37.760535,0.0,0.0,Oil
BRA0028531,Brazil,11.48,2002,-4.549065,-37.760535,0.0,0.0,Oil
BRA0028531,Brazil,11.48,2002,-4.549065,-37.760535,268.8,0.00267290344136,Oil
BRA0030203,Brazil,337.6,2013,-19.75401,-40.376535,2598319.92,0.878589641628,Gas
BRA0030203,Brazil,337.6,2013,-19.75401,-40.376535,1005264.96,0.339917873142,Gas
BRA0030203,Brazil,337.6,2013,-19.75401,-40.376535,1484834.4,0.502078328897,Gas
BRA0002003,Brazil,158.0,1973,-29.016667,-53.183333,958272.0,0.692353043177,Hydro
BRA0002003,Brazil,158.0,1973,-29.016667,-53.183333,872256.0,0.630206346454,Hydro
BRA0002003,Brazil,158.0,1973,-29.016667,-53.183333,823586.4,0.595042483093,Hydro
BRA0002553,Brazil,55.0,2000,-20.916667,-41.7,182112.0,0.37798256538,Hydro
BRA0002553,Brazil,55.0,2000,-20.916667,-41.7,94752.0,0.196662515567,Hydro
BRA0002553,Brazil,55.0,2000,-20.916667,-41.7,136029.6,0.282336239103,Hydro
BRA0030054,Brazil,204.0,2010,-19.532269,-39.799242,1653807.12,0.925444936879,Gas
BRA0030054,Brazil,204.0,2010,-19.532269,-39.799242,1636837.44,0.915948965888,Gas
BRA0030054,Brazil,204.0,2010,-19.532269,-39.799242,1575621.6,0.881693526726,Gas
BRA0028887,Brazil,50.0,2010,-4.447197,-37.759557,186149.04,0.424997808219,Wind
BRA0028887,Brazil,50.0,2010,-4.447197,-37.759557,190508.64,0.434951232877,Wind
BRA0028887,Brazil,50.0,2010,-4.447197,-37.759557,180129.6,0.411254794521,Wind
BRA0001079,Brazil,140.04,1997,-19.708333,-42.96,267960.0,0.218430741902,Hydro
BRA0001079,Brazil,140.04,1997,-19.708333,-42.96,221592.0,0.180633321986,Hydro
BRA0001079,Brazil,140.04,1997,-19.708333,-42.96,269220.0,0.219457845704,Hydro
BRA0028923,Brazil,15.6,2008,-3.024103,-59.959186,0.0,0.0,Oil
BRA0028923,Brazil,15.6,2008,-3.024103,-59.959186,0.0,0.0,Oil
BRA0028923,Brazil,15.6,2008,-3.024103,-59.959186,0.0,0.0,Oil
BRA0000203,Brazil,136.8,1969,-22.153333,-48.7525,401856.0,0.335336057038,Hydro
BRA0000203,Brazil,136.8,1969,-22.153333,-48.7525,576072.0,0.480713770728,Hydro
BRA0000203,Brazil,136.8,1969,-22.153333,-48.7525,772312.8,0.644470479853,Hydro
BRA0030321,Brazil,30.4,2014,-13.860574,-42.657342,0.0,0.0,Wind
BRA0030321,Brazil,30.4,2014,-13.860574,-42.657342,0.0,0.0,Wind
BRA0026792,Brazil,373.4,2014,-0.65,-52.516667,0.0,0.0,Hydro
BRA0026792,Brazil,373.4,2014,-0.65,-52.516667,0.0,0.0,Hydro
BRA0026792,Brazil,373.4,2014,-0.65,-52.516667,1305141.6,0.399005803758,Hydro
BRA0029668,Brazil,165.87,2010,-3.52743,-44.517385,901410.72,0.620369971202,Oil
BRA0029668,Brazil,165.87,2010,-3.52743,-44.517385,834351.84,0.574218628056,Oil
BRA0029668,Brazil,165.87,2010,-3.52743,-44.517385,378352.8,0.26039041963,Oil
BRA0002167,Brazil,121.5,2003,-26.65,-52.533333,645456.0,0.606437792435,Hydro
BRA0002167,Brazil,121.5,2003,-26.65,-52.533333,750792.0,0.705406167202,Hydro
BRA0002167,Brazil,121.5,2003,-26.65,-52.533333,674217.6,0.633460736231,Hydro
BRA0002821,Brazil,525.0,1992,-22.541944,-52.0,2181984.0,0.474447488584,Hydro
BRA0002821,Brazil,525.0,1992,-22.541944,-52.0,2443728.0,0.531360730594,Hydro
BRA0002821,Brazil,525.0,1992,-22.541944,-52.0,3079591.2,0.669621917808,Hydro
BRA0028028,Brazil,9.4,1980,-20.81711,-48.813235,0.0,0.0,Biomass
BRA0028028,Brazil,9.4,1980,-20.81711,-48.813235,0.0,0.0,Biomass
BRA0001269,Brazil,42.0,1995,-14.756111,-58.023056,0.0,0.0,Hydro
BRA0001269,Brazil,42.0,1995,-14.756111,-58.023056,0.0,0.0,Hydro
BRA0001269,Brazil,42.0,1995,-14.756111,-58.023056,185858.4,0.505159817352,Hydro
BRA0000208,Brazil,140.76,1963,-22.519444,-48.534444,289800.0,0.235025517056,Hydro
BRA0000208,Brazil,140.76,1963,-22.519444,-48.534444,455448.0,0.369364740139,Hydro
BRA0000208,Brazil,140.76,1963,-22.519444,-48.534444,633007.2,0.513363852589,Hydro
BRA0001304,Brazil,902.5,2001,-9.757222,-48.371389,4706520.0,0.595317421166,Hydro
BRA0001304,Brazil,902.5,2001,-9.757222,-48.371389,3817296.0,0.482841422229,Hydro
BRA0001304,Brazil,902.5,2001,-9.757222,-48.371389,2972004.0,0.375922285888,Hydro
BRA0027862,Brazil,23.75,1984,-12.75851,-60.127757,0.0,0.0,Oil
BRA0027862,Brazil,23.75,1984,-12.75851,-60.127757,0.0,0.0,Oil
BRA0028353,Brazil,498.75,2006,-12.239083,-48.382369,2393328.0,0.547791396299,Hydro
BRA0028353,Brazil,498.75,2006,-12.239083,-48.382369,2041200.0,0.467195385725,Hydro
BRA0028353,Brazil,498.75,2006,-12.239083,-48.382369,1706695.2,0.390633020908,Hydro
BRA0028537,Brazil,13.12,2002,-4.842399,-42.183591,0.0,0.0,Oil
BRA0028537,Brazil,13.12,2002,-4.842399,-42.183591,0.0,0.0,Oil
BRA0028537,Brazil,13.12,2002,-4.842399,-42.183591,252.0,0.00219261610424,Oil
BRA0002889,Brazil,8535.0,1984,-3.832222,-49.652222,39613392.0,0.529827382815,Hydro
BRA0002889,Brazil,8535.0,1984,-3.832222,-49.652222,35200032.0,0.470798886134,Hydro
BRA0002889,Brazil,8535.0,1984,-3.832222,-49.652222,25852948.8,0.345782057764,Hydro
BRA0030349,Brazil,30.0,2011,-30.848473,-55.685552,105109.2,0.39995890411,Wind
BRA0030349,Brazil,30.0,2011,-30.848473,-55.685552,83758.08,0.318714155251,Wind
BRA0030349,Brazil,30.0,2011,-30.848473,-55.685552,0.0,0.0,Wind
BRA0030348,Brazil,30.0,2012,-30.840661,-55.725111,98458.08,0.374650228311,Wind
BRA0030348,Brazil,30.0,2012,-30.840661,-55.725111,80707.2,0.307105022831,Wind
BRA0030348,Brazil,30.0,2012,-30.840661,-55.725111,0.0,0.0,Wind
BRA0001552,Brazil,347.4,1982,-21.118889,-50.201111,955920.0,0.314114242001,Hydro
BRA0001552,Brazil,347.4,1982,-21.118889,-50.201111,1292760.0,0.424799488963,Hydro
BRA0001552,Brazil,347.4,1982,-21.118889,-50.201111,1816836.0,0.597010275944,Hydro
BRA0027244,Brazil,156.0,2002,-17.090647,-54.830736,1019088.0,0.745732349842,Hydro
BRA0027244,Brazil,156.0,2002,-17.090647,-54.830736,918792.0,0.672339304531,Hydro
BRA0027244,Brazil,156.0,2002,-17.090647,-54.830736,588084.0,0.430338953284,Hydro
BRA0029641,Brazil,170.852,2010,-7.16141,-34.860315,991060.56,0.662179940084,Oil
BRA0029641,Brazil,170.852,2010,-7.16141,-34.860315,1010704.8,0.675305295074,Oil
BRA0029641,Brazil,170.852,2010,-7.16141,-34.860315,495381.6,0.330990629076,Oil
BRA0031079,Brazil,0.86,2013,-3.896667,-40.610556,0.0,0.0,Hydro
BRA0031079,Brazil,0.86,2013,-3.896667,-40.610556,0.0,0.0,Hydro
BRA0031079,Brazil,0.86,2013,-3.896667,-40.610556,0.0,0.0,Hydro
BRA0031193,Brazil,56.277,2013,-4.814121,-44.343646,385615.44,0.782202807493,Gas
BRA0031193,Brazil,56.277,2013,-4.814121,-44.343646,409311.84,0.830269841861,Gas
BRA0031193,Brazil,56.277,2013,-4.814121,-44.343646,212200.8,0.430439355624,Gas
BRA0028443,Brazil,100.65,2011,-5.124306,-36.383306,283775.52,0.321852615533,Wind
BRA0028443,Brazil,100.65,2011,-5.124306,-36.383306,287537.04,0.326118857563,Wind
BRA0028443,Brazil,100.65,2011,-5.124306,-36.383306,283365.6,0.321387692329,Wind
BRA0001097,Brazil,131.49,1969,-21.759167,-48.990556,512232.0,0.444702810881,Hydro
BRA0001097,Brazil,131.49,1969,-21.759167,-48.990556,617736.0,0.536297879833,Hydro
BRA0001097,Brazil,131.49,1969,-21.759167,-48.990556,834976.8,0.724899127701,Hydro
BRA0028538,Brazil,13.12,2002,-5.032121,-42.435813,0.0,0.0,Oil
BRA0028538,Brazil,13.12,2002,-5.032121,-42.435813,0.0,0.0,Oil
BRA0028538,Brazil,13.12,2002,-5.032121,-42.435813,218.4,0.00190026729034,Oil
BRA0030511,Brazil,30.0,2016,-6.033889,-36.544,0.0,0.0,Wind
BRA0030511,Brazil,30.0,2016,-6.033889,-36.544,0.0,0.0,Wind
BRA0030511,Brazil,30.0,2016,-6.033889,-36.544,183909.6,0.699808219178,Wind
BRA0029456,Brazil,77.0,2012,-28.139444,-55.047778,0.0,0.0,Hydro
BRA0029456,Brazil,77.0,2012,-28.139444,-55.047778,0.0,0.0,Hydro
BRA0029456,Brazil,77.0,2012,-28.139444,-55.047778,402948.0,0.597384806974,Hydro
BRA0030199,Brazil,76.0,2011,-23.095732,-49.58359,265752.48,0.399171593367,Biomass
BRA0030199,Brazil,76.0,2011,-23.095732,-49.58359,274369.2,0.412114275415,Biomass
BRA0030199,Brazil,76.0,2011,-23.095732,-49.58359,279921.6,0.420454217736,Biomass
BRA0030697,Brazil,24.3,2014,-3.098412,-39.666283,0.0,0.0,Wind
BRA0030697,Brazil,24.3,2014,-3.098412,-39.666283,0.0,0.0,Wind
BRA0030697,Brazil,24.3,2014,-3.098412,-39.666283,89628.0,0.421049664581,Wind
BRA0029556,Brazil,66.4,2009,-5.86881,-35.304648,216800.64,0.372724872091,Oil
BRA0029556,Brazil,66.4,2009,-5.86881,-35.304648,218141.28,0.375029707873,Oil
BRA0029556,Brazil,66.4,2009,-5.86881,-35.304648,34339.2,0.0590361445783,Oil
BRA0030695,Brazil,21.6,2014,-3.098249,-39.678552,0.0,0.0,Wind
BRA0030695,Brazil,21.6,2014,-3.098249,-39.678552,0.0,0.0,Wind
BRA0030695,Brazil,21.6,2014,-3.098249,-39.678552,75667.2,0.399898528666,Wind
BRA0027130,Brazil,30.3,1977,-2.811667,-54.298889,199920.0,0.753198607532,Hydro
BRA0027130,Brazil,30.3,1977,-2.811667,-54.298889,201264.0,0.758262127583,Hydro
BRA0027130,Brazil,30.3,1977,-2.811667,-54.298889,164808.0,0.620914146209,Hydro
BRA0001098,Brazil,210.0,1998,-19.983333,-47.75,750624.0,0.40803652968,Hydro
BRA0001098,Brazil,210.0,1998,-19.983333,-47.75,566832.0,0.308127853881,Hydro
BRA0001098,Brazil,210.0,1998,-19.983333,-47.75,913080.0,0.496347031963,Hydro
BRA0001417,Brazil,1440.0,1975,-20.301111,-49.196667,2800728.0,0.222026255708,Hydro
BRA0001417,Brazil,1440.0,1975,-20.301111,-49.196667,2174928.0,0.172416286149,Hydro
BRA0001417,Brazil,1440.0,1975,-20.301111,-49.196667,6320059.2,0.501019406393,Hydro
BRA0029461,Brazil,40.0,2007,-20.526482,-51.234535,0.0,0.0,Biomass
BRA0029461,Brazil,40.0,2007,-20.526482,-51.234535,0.0,0.0,Biomass
BRA0029461,Brazil,40.0,2007,-20.526482,-51.234535,0.0,0.0,Biomass
BRA0002757,Brazil,60.0,1998,-21.94,-43.37,208320.0,0.396347031963,Hydro
BRA0002757,Brazil,60.0,1998,-21.94,-43.37,190512.0,0.362465753425,Hydro
BRA0002757,Brazil,60.0,1998,-21.94,-43.37,258720.0,0.492237442922,Hydro
BRA0030599,Brazil,43.839,2012,-10.005454,-67.720535,0.0,0.0,Oil
BRA0030599,Brazil,43.839,2012,-10.005454,-67.720535,0.0,0.0,Oil
BRA0030599,Brazil,43.839,2012,-10.005454,-67.720535,0.0,0.0,Oil
BRA0027985,Brazil,21.0,2008,-20.613056,-40.787778,0.0,0.0,Hydro
BRA0027985,Brazil,21.0,2008,-20.613056,-40.787778,0.0,0.0,Hydro
BRA0027985,Brazil,21.0,2008,-20.613056,-40.787778,0.0,0.0,Hydro
BRA0002672,Brazil,1420.0,1980,-25.65,-52.616667,7966056.0,0.640399382597,Hydro
BRA0002672,Brazil,1420.0,1980,-25.65,-52.616667,6998208.0,0.562593092803,Hydro
BRA0002672,Brazil,1420.0,1980,-25.65,-52.616667,8329154.4,0.669589234034,Hydro
BRA0029458,Brazil,305.7,2013,-21.921111,-42.790278,459312.0,0.17151742464,Hydro
BRA0029458,Brazil,305.7,2013,-21.921111,-42.790278,453600.0,0.169384435452,Hydro
BRA0029458,Brazil,305.7,2013,-21.921111,-42.790278,841310.4,0.314164213281,Hydro
BRA0002406,Brazil,43.448,1988,-8.720454,-63.905257,0.0,0.0,Oil
BRA0002406,Brazil,43.448,1988,-8.720454,-63.905257,0.0,0.0,Oil
BRA0002406,Brazil,43.448,1988,-8.720454,-63.905257,0.0,0.0,Oil
BRA0001120,Brazil,3444.0,1973,-20.382222,-51.363611,11895240.0,0.394281100345,Hydro
BRA0001120,Brazil,3444.0,1973,-20.382222,-51.363611,9159192.0,0.303591713999,Hydro
BRA0001120,Brazil,3444.0,1973,-20.382222,-51.363611,13579120.8,0.450095222185,Hydro
BRA0028655,Brazil,53.12,2009,-5.870621,-35.293312,191429.28,0.411382860208,Oil
BRA0028655,Brazil,53.12,2009,-5.870621,-35.293312,185324.16,0.398262914672,Oil
BRA0028655,Brazil,53.12,2009,-5.870621,-35.293312,30592.8,0.0657441409474,Oil
BRA0000917,Brazil,1048.0,1969,-20.150556,-47.279444,2352504.0,0.256250653561,Hydro
BRA0000917,Brazil,1048.0,1969,-20.150556,-47.279444,1537872.0,0.16751542403,Hydro
BRA0000917,Brazil,1048.0,1969,-20.150556,-47.279444,2760962.4,0.300742706264,Hydro
BRA0002176,Brazil,105.45,2004,-16.208889,-47.321667,448392.0,0.485408263346,Hydro
BRA0002176,Brazil,105.45,2004,-16.208889,-47.321667,298200.0,0.322817410056,Hydro
BRA0002176,Brazil,105.45,2004,-16.208889,-47.321667,177424.8,0.192071812259,Hydro
BRA0030340,Brazil,27.3,2014,-4.968617,-36.900937,0.0,0.0,Wind
BRA0030340,Brazil,27.3,2014,-4.968617,-36.900937,0.0,0.0,Wind
BRA0030340,Brazil,27.3,2014,-4.968617,-36.900937,115449.6,0.482753775904,Wind
BRA0001007,Brazil,1216.0,1963,-20.647057,-46.328599,2502696.0,0.234947278298,Hydro
BRA0001007,Brazil,1216.0,1963,-20.647057,-46.328599,1222200.0,0.114737292718,Hydro
BRA0001007,Brazil,1216.0,1963,-20.647057,-46.328599,3173637.6,0.297933714852,Hydro
BRA0028424,Brazil,49.3,2006,-5.309701,-35.386705,144066.72,0.333589707966,Wind
BRA0028424,Brazil,49.3,2006,-5.309701,-35.386705,140327.04,0.324930395399,Wind
BRA0028424,Brazil,49.3,2006,-5.309701,-35.386705,142682.4,0.330384284087,Wind
BRA0001946,Brazil,175.56,2012,-16.80601,-49.914979,799713.6,0.520001747832,Oil
BRA0001946,Brazil,175.56,2012,-16.80601,-49.914979,419134.8,0.272536103646,Oil
BRA0001946,Brazil,175.56,2012,-16.80601,-49.914979,0.0,0.0,Oil
BRA0002077,Brazil,81.0,2002,-23.154444,-49.38,381024.0,0.53698630137,Hydro
BRA0002077,Brazil,81.0,2002,-23.154444,-49.38,388248.0,0.547167258583,Hydro
BRA0002077,Brazil,81.0,2002,-23.154444,-49.38,526797.6,0.742428547269,Hydro
