id,2005,2006,2007,2008,2009,2010,2011,2012,2013,2014,2015,2016
BRA0002038,1226611.68,2837588.88,2760576.0,2859192.0,3076080.0,2467080.0,3084648.0,2983512.0,2103864.0,1439424.0,757344.0,1693305.6
BRA0027872,20549.76,217516.32,186480.0,235536.0,226968.0,188160.0,219072.0,166488.0,219912.0,246792.0,198408.0,261038.4
BRA0030373,0.0,0.0,0.0,0.0,0.0,0.0,0.0,0.0,0.0,0.0,0.0,68964.0
BRA0002591,3138381.12,3105118.8,5618760.0,6157368.0,5911584.0,6145944.0,7874664.0,5323080.0,7670040.0,7585032.0,7757568.0,8131317.6
BRA0000908,0.0,70116.48,242256.0,15792.0,114408.0,154392.0,243432.0,195552.0,221424.0,215544.0,241752.0,240962.4
BRA0027974,0.0,0.0,0.0,32592.0,25872.0,0.0,0.0,0.0,0.0,0.0,0.0,14532.0
BRA0027975,603407.28,437653.44,315672.0,250152.0,3864.0,394296.0,49560.0,1249416.0,2156395.92,2045630.16,2547182.4,1152883.2
BRA0031750,0.0,0.0,0.0,0.0,0.0,0.0,0.0,0.0,0.0,0.0,0.0,631444.8
BRA0000657,1493061.36,2783812.08,3178560.0,3456768.0,3781848.0,3028032.0,3898272.0,3391584.0,3680376.0,3407376.0,3802848.0,4107784.8
BRA0030662,0.0,0.0,0.0,0.0,0.0,0.0,0.0,0.0,0.0,0.0,0.0,486242.4
BRA0000718,0.0,0.0,0.0,0.0,418152.0,505344.0,667800.0,359520.0,618576.0,752640.0,737688.0,578692.8
BRA0031616,0.0,0.0,0.0,0.0,0.0,0.0,0.0,0.0,0.0,0.0,0.0,924.0
BRA0031482,0.0,0.0,0.0,0.0,0.0,0.0,0.0,0.0,0.0,0.0,0.0,510434.4
BRA0030666,0.0,0.0,0.0,0.0,0.0,0.0,0.0,0.0,0.0,0.0,0.0,82538.4
BRA0002553,156797.76,323400.0,262080.0,231000.0,315336.0,253848.0,251496.0,222096.0,253512.0,182112.0,94752.0,136029.6
BRA0002889,10735075.68,35475936.72,29591856.0,36279432.0,40982088.0,32749248.0,41376720.0,33380592.0,37710456.0,39613392.0,35200032.0,25852948.8
BRA0030285,0.0,0.0,0.0,0.0,0.0,0.0,0.0,53424.0,84295.68,80048.64,78335.04,88636.8
BRA0029634,0.0,0.0,0.0,0.0,0.0,0.0,0.0,0.0,0.0,0.0,0.0,109569.6
BRA0002127,4200774.48,10731747.6,10085208.0,10400712.0,9980040.0,8065008.0,10544688.0,9697296.0,9549960.0,8410080.0,7983360.0,9438105.6
BRA0029597,0.0,0.0,0.0,0.0,0.0,0.0,0.0,0.0,0.0,0.0,0.0,754219.2
BRA0028360,0.0,149346.96,585984.0,580104.0,531552.0,593880.0,694344.0,472248.0,700056.0,749448.0,788256.0,768381.6
BRA0000923,211742.16,454503.84,478296.0,516096.0,596400.0,387744.0,496608.0,367080.0,493584.0,211512.0,255192.0,358646.4
BRA0000608,80923.92,151504.08,159432.0,187320.0,249648.0,168168.0,174552.0,115080.0,204288.0,54600.0,91224.0,144765.6
BRA0028712,0.0,0.0,0.0,0.0,0.0,0.0,116592.0,201432.0,190218.0,221692.8,204156.96,225036.0
BRA0028770,0.0,0.0,0.0,0.0,0.0,0.0,61152.0,124320.0,91138.32,114722.16,121138.08,112795.2
BRA0029268,0.0,0.0,0.0,0.0,0.0,0.0,0.0,0.0,0.0,0.0,0.0,375076.8
BRA0027448,0.0,0.0,0.0,0.0,0.0,0.0,0.0,0.0,0.0,0.0,0.0,377512.8
BRA0002176,289064.16,707022.96,518952.0,409080.0,653184.0,417144.0,561456.0,464352.0,402024.0,448392.0,298200.0,177424.8
BRA0029062,0.0,0.0,0.0,0.0,0.0,0.0,0.0,0.0,0.0,0.0,0.0,60379.2
BRA0027447,86136.96,248102.4,225960.0,141120.0,205800.0,333816.0,305424.0,255024.0,189504.0,244440.0,77784.0,53995.2
BRA0000973,258355.44,946715.28,898800.0,1027656.0,1032528.0,783720.0,1034712.0,658728.0,948024.0,758520.0,598584.0,708607.2
BRA0028825,0.0,0.0,0.0,0.0,0.0,0.0,0.0,0.0,0.0,0.0,0.0,109922.4
BRA0027120,0.0,0.0,0.0,0.0,0.0,0.0,0.0,0.0,0.0,0.0,0.0,0.0
BRA0027122,173105.52,406232.4,403200.0,257040.0,377664.0,540120.0,475104.0,412440.0,343056.0,401184.0,149352.0,97490.4
BRA0028793,0.0,0.0,0.0,0.0,0.0,0.0,0.0,0.0,0.0,0.0,0.0,197416.8
BRA0002704,4630167.36,12190888.08,11995536.0,12549600.0,10619616.0,9156000.0,12421416.0,11766384.0,10090752.0,9884280.0,8451576.0,8797572.0
BRA0028140,0.0,0.0,0.0,0.0,0.0,0.0,0.0,0.0,0.0,0.0,0.0,15825.6
BRA0002672,3486280.56,3712254.0,6381312.0,7343448.0,6709416.0,7735728.0,9585576.0,6742680.0,8314992.0,7966056.0,6998208.0,8329154.4
BRA0001544,1758414.0,4561954.32,3530352.0,5945184.0,2705976.0,4759881.84,3604776.0,5689152.0,6370215.6,6740302.8,6534358.32,6135964.8
BRA0000625,0.0,0.0,3771936.0,4085592.0,3564960.0,3576552.0,5247816.0,2333352.0,3824688.0,4660152.0,5407416.0,4636598.4
BRA0028801,0.0,0.0,0.0,0.0,0.0,0.0,0.0,0.0,0.0,0.0,0.0,89040.0
BRA0030769,0.0,0.0,0.0,0.0,0.0,0.0,0.0,0.0,0.0,1964442.48,3474623.04,2151609.6
BRA0028887,0.0,0.0,0.0,0.0,0.0,110712.0,133896.0,205800.0,147411.6,186149.04,190508.64,180129.6
BRA0001417,2597012.88,6807166.8,7188384.0,6736800.0,8273664.0,6372744.0,7752024.0,6877920.0,5743248.0,2800728.0,2174928.0,6320059.2
BRA0001328,61513.2,130793.04,124992.0,127848.0,172704.0,108864.0,137928.0,88536.0,135576.0,53256.0,69048.0,153098.4
BRA0001175,262637.76,1204222.32,1452024.0,1224216.0,1566600.0,840504.0,1412376.0,1012368.0,781536.0,967008.0,382368.0,522530.4
BRA0028562,0.0,0.0,0.0,0.0,200760.0,347256.0,476280.0,273168.0,319032.0,535752.0,559776.0,494995.2
BRA0000641,222803.28,503581.68,500808.0,502488.0,694848.0,346416.0,561792.0,471744.0,456456.0,240576.0,184128.0,0.0
BRA0027113,1092873.6,2226502.32,1898904.0,2315712.0,2931936.0,1572312.0,2436504.0,1986432.0,1561392.0,701064.0,831768.0,708019.2
BRA0001432,353579.52,801341.52,826224.0,730296.0,839496.0,555408.0,707280.0,699384.0,698208.0,618912.0,343056.0,376152.0
BRA0027092,183343.44,414037.68,377496.0,424200.0,403368.0,345072.0,472752.0,471576.0,505176.0,429576.0,429240.0,569368.8
BRA0035075,0.0,0.0,0.0,0.0,0.0,0.0,0.0,0.0,670320.0,5299056.0,4356408.0,3447057.6
BRA0029562,0.0,0.0,0.0,0.0,0.0,0.0,168.0,223440.0,258283.2,653486.4,479379.6,75264.0
BRA0029561,0.0,0.0,0.0,0.0,0.0,0.0,1008.0,142968.0,164146.08,430273.2,323752.8,50568.0
BRA0001536,1221966.48,2809025.52,2566704.0,2715048.0,2897664.0,2249520.0,2757552.0,2638440.0,2795688.0,2200632.0,1787520.0,2144301.6
BRA0029653,0.0,0.0,0.0,0.0,0.0,2184.0,12600.0,266112.0,570304.56,829809.12,648384.24,245044.8
BRA0000528,0.0,0.0,0.0,0.0,0.0,0.0,0.0,0.0,0.0,0.0,0.0,297628.8
BRA0028565,195671.28,533991.36,311136.0,223272.0,341712.0,197232.0,255360.0,49056.0,54768.0,211848.0,292824.0,178332.0
BRA0029276,0.0,0.0,0.0,0.0,0.0,0.0,0.0,0.0,264311.04,538512.24,547134.0,493617.6
BRA0027888,725124.96,744061.92,915096.0,5223456.0,1742832.0,4707242.4,1137864.0,5341896.0,7643485.92,7494874.8,7170288.72,5023939.2
BRA0002167,161800.8,293630.4,639240.0,504336.0,601608.0,529200.0,727104.0,343896.0,780528.0,645456.0,750792.0,674217.6
BRA0028564,0.0,0.0,0.0,0.0,0.0,490896.0,1171800.0,803880.0,1001280.0,1160040.0,1311072.0,1279236.0
BRA0029272,0.0,0.0,0.0,0.0,0.0,0.0,0.0,0.0,261723.84,534680.16,519988.56,469761.6
BRA0029455,0.0,0.0,0.0,0.0,0.0,0.0,253848.0,337344.0,393960.0,353136.0,387576.0,345105.6
BRA0028567,0.0,0.0,0.0,0.0,315000.0,1121736.0,1364160.0,1451856.0,1345176.0,1265376.0,1227912.0,899472.0
BRA0002821,887194.56,1746106.32,1892520.0,1951488.0,2584344.0,2254728.0,2307312.0,2081520.0,2486232.0,2181984.0,2443728.0,3079591.2
BRA0028672,0.0,0.0,0.0,0.0,0.0,0.0,0.0,0.0,0.0,0.0,0.0,0.0
BRA0028028,0.0,0.0,0.0,0.0,0.0,0.0,0.0,0.0,0.0,0.0,0.0,115752.0
BRA0028811,0.0,0.0,0.0,0.0,77834.4,126672.0,142128.0,107184.0,115177.44,126127.68,114707.04,137088.0
BRA0002117,802035.36,2188890.48,1991640.0,2036664.0,2234736.0,1664712.0,2035824.0,1959888.0,1581888.0,1151136.0,982296.0,1540946.4
BRA0028761,0.0,0.0,0.0,0.0,0.0,0.0,0.0,0.0,0.0,0.0,0.0,255158.4
BRA0027053,8786732.64,21044877.84,21589008.0,15744120.0,19210800.0,13602120.0,19316640.0,17645376.0,12547416.0,11139408.0,9822288.0,8473802.4
BRA0028174,0.0,0.0,0.0,0.0,0.0,0.0,0.0,0.0,0.0,0.0,0.0,40824.0
BRA0030870,0.0,0.0,0.0,0.0,0.0,0.0,0.0,0.0,0.0,0.0,0.0,120960.0
BRA0028819,0.0,0.0,0.0,0.0,0.0,0.0,0.0,0.0,0.0,0.0,0.0,978163.2
BRA0001042,496821.36,764114.4,923328.0,1115688.0,1253112.0,1513176.0,1646904.0,922656.0,1290744.0,1403976.0,1114344.0,1495401.6
BRA0000208,236668.32,496717.2,544992.0,598248.0,590184.0,554232.0,699720.0,546672.0,595728.0,289800.0,455448.0,633007.2
BRA0001146,0.0,461511.12,1453872.0,1152984.0,1737624.0,975072.0,1714944.0,1349544.0,892752.0,1343664.0,629664.0,599390.4
BRA0029767,0.0,0.0,0.0,0.0,0.0,36624.0,1425480.0,1922928.0,1983745.68,1972267.92,1536215.52,1470974.4
BRA0030272,0.0,0.0,0.0,0.0,0.0,0.0,0.0,0.0,0.0,0.0,0.0,208689.6
BRA0030792,0.0,0.0,0.0,0.0,0.0,0.0,0.0,0.0,0.0,0.0,0.0,181171.2
BRA0027952,88645.2,95568.48,289800.0,607320.0,126168.0,1174320.0,1175832.0,1171128.0,1704141.6,2699168.64,2232177.36,727591.2
BRA0001217,620941.44,919139.76,991032.0,1025472.0,1188096.0,1106112.0,1325352.0,604800.0,1146096.0,1326864.0,1306872.0,1363320.0
BRA0001304,1626231.6,4531584.96,3667776.0,4409664.0,4439400.0,3662064.0,5239416.0,4681152.0,4296264.0,4706520.0,3817296.0,2972004.0
BRA0027556,129059.28,1392436.08,3715488.0,2905224.0,3051384.0,3493560.0,4089792.0,1659504.0,3013416.0,4314072.0,3717672.0,3845083.2
BRA0027795,0.0,564076.8,627648.0,592368.0,619416.0,398328.0,563472.0,440496.0,566328.0,562296.0,319200.0,324307.2
BRA0000100,5016968.88,2961483.84,0.0,0.0,0.0,0.0,0.0,0.0,0.0,0.0,0.0,16094853.6
BRA0027862,0.0,0.0,0.0,0.0,0.0,0.0,0.0,0.0,0.0,0.0,0.0,216451.2
BRA0028584,0.0,0.0,0.0,371112.0,504.0,504.0,0.0,176064.0,394474.08,634393.2,469077.84,95726.4
BRA0029457,0.0,0.0,0.0,0.0,0.0,90888.0,347592.0,269136.0,221928.0,74088.0,129528.0,155450.4
BRA0030911,0.0,0.0,0.0,0.0,0.0,0.0,0.0,0.0,0.0,0.0,0.0,111199.2
BRA0030017,0.0,0.0,0.0,1344.0,0.0,0.0,0.0,0.0,0.0,0.0,0.0,0.0
BRA0029454,0.0,0.0,0.0,0.0,0.0,0.0,0.0,0.0,0.0,0.0,0.0,108343.2
BRA0031302,0.0,0.0,0.0,0.0,0.0,0.0,0.0,0.0,0.0,0.0,0.0,75885.6
BRA0000630,1095129.84,2279291.28,2324952.0,2264640.0,1561224.0,2036496.0,2551920.0,2720592.0,2533608.0,2101008.0,2145192.0,1707165.6
BRA0002003,411919.2,440753.04,548184.0,532728.0,692160.0,634704.0,835800.0,308952.0,632856.0,958272.0,872256.0,823586.4
BRA0026834,0.0,0.0,0.0,0.0,0.0,0.0,0.0,0.0,0.0,0.0,0.0,43008.0
BRA0000635,122855.04,172095.84,236376.0,205128.0,179760.0,185976.0,204960.0,156240.0,168168.0,205464.0,208152.0,219962.4
BRA0029192,0.0,0.0,0.0,0.0,0.0,0.0,0.0,0.0,0.0,0.0,0.0,243129.6
BRA0029453,0.0,0.0,0.0,0.0,0.0,182448.0,571536.0,554736.0,537432.0,366576.0,221592.0,219559.2
BRA0028206,63848.4,112220.64,320376.0,680064.0,185304.0,381672.48,204120.0,522816.0,585915.12,746082.96,824234.88,627244.8
BRA0000267,506170.56,1312429.44,1127448.0,1327704.0,1388184.0,1046640.0,1348368.0,998424.0,1042608.0,1161384.0,996240.0,923244.0
BRA0002687,0.0,0.0,0.0,0.0,126504.0,626304.0,610680.0,643272.0,702072.0,836976.0,906528.0,502118.4
BRA0001285,223260.24,548968.56,466536.0,516600.0,586824.0,567840.0,576912.0,571536.0,550032.0,461832.0,471576.0,719124.0
BRA0028817,0.0,0.0,0.0,0.0,0.0,0.0,0.0,0.0,0.0,0.0,0.0,158575.2
BRA0029361,0.0,0.0,0.0,0.0,0.0,0.0,0.0,0.0,281232.0,566707.68,561116.64,574828.8
BRA0028760,0.0,0.0,0.0,0.0,0.0,0.0,381864.0,479472.0,544152.0,512064.0,554904.0,540052.8
BRA0002755,1850424.24,4766401.92,5076792.0,3112200.0,4256952.0,3030552.0,4098696.0,3674160.0,2507232.0,2261784.0,1744848.0,1495384.8
BRA0000588,165758.88,338931.6,336168.0,415632.0,466536.0,299712.0,354480.0,289296.0,145152.0,144816.0,173544.0,366811.2
BRA0002043,164172.96,416304.0,375312.0,413616.0,441672.0,338520.0,428400.0,380184.0,429576.0,320040.0,237384.0,298989.6
BRA0030349,0.0,0.0,0.0,0.0,0.0,0.0,0.0,53592.0,97386.24,105109.2,83758.08,0.0
BRA0029119,0.0,0.0,0.0,0.0,0.0,0.0,0.0,0.0,0.0,0.0,0.0,4737.6
BRA0001510,395285.52,1141200.48,1480584.0,739032.0,1110144.0,486192.0,977424.0,804720.0,61488.0,28728.0,63000.0,42655.2
BRA0028203,0.0,0.0,0.0,0.0,0.0,0.0,438984.0,557256.0,646632.0,579936.0,633024.0,624674.4
BRA0001282,3887457.84,9975569.52,9506952.0,9594648.0,9232776.0,7598808.0,9211608.0,8704584.0,8346408.0,7181160.0,6477240.0,8105966.4
BRA0027104,0.0,0.0,0.0,0.0,0.0,0.0,0.0,0.0,0.0,0.0,0.0,2940.0
BRA0000984,3007616.64,2672807.76,5330304.0,5859840.0,5246304.0,5980968.0,8211840.0,4823784.0,6310752.0,6685896.0,7353528.0,7983578.4
BRA0027263,10930.08,0.0,420504.0,1063776.0,283248.0,488376.0,645624.0,1124424.0,1378776.0,1273525.68,1404721.92,1331517.6
BRA0001245,222949.44,581579.04,562632.0,473256.0,538608.0,415128.0,546672.0,469056.0,539784.0,645288.0,585648.0,583228.8
BRA0001552,620219.04,1334215.68,1519224.0,1506288.0,1545264.0,1058904.0,1153824.0,1361136.0,1701336.0,955920.0,1292760.0,1816836.0
BRA0029598,0.0,0.0,0.0,0.0,0.0,0.0,0.0,0.0,0.0,0.0,0.0,120892.8
BRA0001595,0.0,0.0,0.0,0.0,0.0,0.0,0.0,0.0,0.0,0.0,0.0,0.0
BRA0030415,0.0,0.0,0.0,0.0,0.0,0.0,0.0,0.0,0.0,0.0,0.0,945151.2
BRA0030227,798448.56,1728637.68,1898568.0,1939728.0,2050440.0,1510656.0,1851024.0,1899072.0,1229088.0,1251768.0,1086792.0,1337095.2
BRA0001260,926572.08,2263366.56,2547384.0,2719080.0,1746024.0,2633966.16,1716456.0,3062304.0,3060224.16,2571505.44,2658085.92,2196364.8
BRA0030557,0.0,0.0,0.0,0.0,0.0,0.0,0.0,0.0,0.0,0.0,0.0,3194620.8
BRA0027787,0.0,0.0,0.0,0.0,0.0,0.0,0.0,0.0,0.0,0.0,0.0,0.0
BRA0001100,9344.16,107711.52,182784.0,214032.0,672.0,0.0,0.0,28224.0,162771.84,751716.0,161948.64,0.0
BRA0001194,4085909.52,10685406.48,10866240.0,8247120.0,7140672.0,6584256.0,7628208.0,7853664.0,5375664.0,5992728.0,4118856.0,4628282.4
BRA0030025,0.0,0.0,0.0,0.0,0.0,0.0,0.0,220416.0,350347.2,327697.44,3917.76,0.0
BRA0001268,0.0,0.0,0.0,0.0,0.0,0.0,0.0,0.0,0.0,0.0,0.0,224868.0
BRA0027948,0.0,0.0,0.0,0.0,0.0,0.0,0.0,0.0,1929016.32,2283637.44,2389338.0,1784580.0
BRA0028357,171450.72,246104.88,14616.0,80304.0,524664.0,1729529.76,1065624.0,1515528.0,2658480.72,2607612.0,2454112.08,1674136.8
BRA0028355,0.0,0.0,0.0,0.0,0.0,0.0,660912.0,995736.0,492240.0,870072.0,498960.0,376336.8
BRA0028354,0.0,0.0,0.0,0.0,0.0,0.0,3799320.0,2270352.0,4230072.0,5253696.0,5541480.0,4944055.2
BRA0030381,0.0,0.0,0.0,0.0,0.0,0.0,0.0,0.0,0.0,0.0,0.0,91375.2
BRA0028352,0.0,0.0,0.0,0.0,0.0,0.0,0.0,0.0,0.0,0.0,0.0,203968.8
BRA0027115,2531298.0,5941222.56,6018936.0,3399648.0,4113984.0,2705640.0,3310440.0,5144832.0,2471616.0,3254160.0,1740648.0,1924843.2
BRA0029993,0.0,0.0,0.0,0.0,0.0,0.0,0.0,0.0,0.0,0.0,0.0,85948.8
BRA0001197,107064.72,191679.6,193872.0,226800.0,300888.0,210336.0,274680.0,213024.0,251496.0,97440.0,121968.0,184598.4
BRA0028191,54173.28,31550.4,280392.0,996408.0,60312.0,956096.4,168168.0,2347296.0,3377013.36,4258855.44,3913333.2,820360.8
BRA0002103,465294.48,1200942.96,1166592.0,1186584.0,1233792.0,973056.0,1170960.0,1046808.0,1189440.0,998424.0,1040760.0,1104549.6
BRA0028358,0.0,0.0,0.0,0.0,0.0,656376.0,22848.0,524160.0,1074494.4,1093352.4,528502.8,211394.4
BRA0002757,150027.36,314121.36,296688.0,375480.0,406056.0,289464.0,365232.0,298704.0,337512.0,208320.0,190512.0,258720.0
BRA0030385,0.0,0.0,0.0,0.0,0.0,0.0,0.0,0.0,0.0,0.0,0.0,792993.6
BRA0001269,0.0,0.0,0.0,0.0,0.0,0.0,0.0,0.0,0.0,0.0,0.0,185858.4
BRA0001298,0.0,0.0,0.0,0.0,0.0,0.0,0.0,0.0,0.0,0.0,0.0,0.0
BRA0027483,0.0,1245751.92,1562400.0,1617168.0,1701168.0,1246896.0,1545264.0,1550808.0,1013880.0,1039416.0,915600.0,1127330.4
BRA0028630,0.0,0.0,0.0,0.0,0.0,0.0,0.0,0.0,0.0,0.0,0.0,33919.2
BRA0027075,320253.36,552288.24,67368.0,99624.0,168.0,327600.0,1008.0,60816.0,302297.52,1215772.32,1081199.28,133408.8
BRA0028699,0.0,0.0,0.0,0.0,0.0,0.0,140280.0,261408.0,230551.44,229037.76,233325.12,208538.4
BRA0002133,0.0,0.0,0.0,0.0,0.0,0.0,0.0,0.0,0.0,0.0,0.0,161397.6
BRA0001097,307868.4,645694.56,674352.0,723408.0,796152.0,540624.0,790944.0,636720.0,644952.0,512232.0,617736.0,834976.8
BRA0028631,0.0,0.0,0.0,0.0,134904.0,263592.0,221088.0,326424.0,291705.12,299901.84,303473.52,268178.4
BRA0029587,0.0,0.0,0.0,0.0,0.0,15456.0,1621872.0,2044392.0,2373564.48,2818977.84,3066112.56,3006528.0
BRA0029583,0.0,0.0,0.0,0.0,0.0,0.0,0.0,0.0,0.0,0.0,0.0,0.0
BRA0028112,0.0,0.0,0.0,0.0,0.0,0.0,0.0,0.0,0.0,0.0,0.0,67687.2
BRA0028612,0.0,0.0,0.0,77280.0,0.0,0.0,840.0,73248.0,114678.48,75101.04,151678.8,840.0
BRA0028353,0.0,1273912.08,2310336.0,2310336.0,2167032.0,2064720.0,2782752.0,2696568.0,2449608.0,2393328.0,2041200.0,1706695.2
BRA0029107,0.0,0.0,0.0,0.0,0.0,0.0,0.0,0.0,0.0,0.0,0.0,0.0
BRA0002053,0.0,101631.6,258216.0,305760.0,340872.0,244104.0,308280.0,247800.0,287784.0,145656.0,153720.0,208353.6
BRA0028118,0.0,0.0,0.0,0.0,0.0,0.0,0.0,0.0,0.0,0.0,0.0,75516.0
BRA0002913,595227.36,2075705.52,323904.0,631512.0,0.0,0.0,0.0,0.0,250656.0,340458.72,870203.04,0.0
BRA0028615,0.0,0.0,0.0,60648.0,336.0,0.0,0.0,0.0,0.0,0.0,0.0,95474.4
BRA0028855,0.0,0.0,0.0,0.0,0.0,0.0,0.0,0.0,0.0,0.0,0.0,1807008.0
BRA0001066,161049.84,430254.72,424200.0,398496.0,410088.0,322728.0,401352.0,346920.0,405720.0,490392.0,474096.0,458337.6
BRA0001276,208950.0,211273.44,8736.0,88704.0,30240.0,297373.44,25032.0,225624.0,405115.2,629121.36,572762.4,253360.8
BRA0031485,0.0,0.0,0.0,0.0,0.0,0.0,0.0,0.0,0.0,0.0,0.0,66612.0
BRA0002001,451553.76,884656.08,1203720.0,853272.0,983640.0,993552.0,1295448.0,716520.0,872592.0,927696.0,1081920.0,1333113.6
BRA0000041,3021244.8,7497462.0,8038632.0,7458192.0,8345232.0,6807696.0,8182440.0,7467432.0,6381816.0,4150272.0,3545808.0,6876240.0
BRA0002731,2390562.72,4981977.84,5418840.0,4802784.0,3031560.0,4804968.0,5786256.0,6500592.0,5568696.0,4571616.0,4440576.0,3213487.2
BRA0000042,133968.24,1159040.4,1044960.0,882840.0,1418088.0,812952.0,1216488.0,1064784.0,936264.0,622776.0,274512.0,252705.6
BRA0030033,1616062.56,4359327.84,4018056.0,3404856.0,2915976.0,2781744.0,3224928.0,3511368.0,2454480.0,2822232.0,2097984.0,2201455.2
BRA0028012,53734.8,215586.0,175056.0,177408.0,170184.0,160272.0,53928.0,153888.0,205464.0,200928.0,143808.0,190898.4
BRA0027210,245110.32,535180.8,456456.0,434448.0,566328.0,383712.0,515088.0,465192.0,446880.0,339864.0,263592.0,291127.2
BRA0028995,0.0,0.0,0.0,0.0,0.0,0.0,0.0,0.0,0.0,0.0,0.0,152107.2
BRA0027933,557.76,5470.08,57288.0,549360.0,16632.0,5822.88,13104.0,6552.0,1095173.52,480172.56,272338.08,11860.8
BRA0002952,0.0,0.0,0.0,0.0,0.0,0.0,0.0,0.0,17035.2,0.0,0.0,0.0
BRA0027935,0.0,0.0,0.0,37800.0,0.0,0.0,0.0,0.0,0.0,12423.6,133262.64,16396.8
BRA0030873,0.0,0.0,0.0,0.0,0.0,0.0,0.0,0.0,0.0,0.0,0.0,92836.8
BRA0030872,0.0,0.0,0.0,0.0,0.0,0.0,0.0,0.0,0.0,0.0,0.0,109048.8
BRA0030871,0.0,0.0,0.0,0.0,0.0,0.0,0.0,0.0,0.0,0.0,0.0,94516.8
BRA0027733,0.0,640138.8,1807176.0,756840.0,1012032.0,1413946.8,1680.0,2330496.0,2235974.16,3554616.24,2463575.52,79833.6
BRA0000612,0.0,0.0,0.0,0.0,0.0,0.0,0.0,235368.0,803846.4,1137360.0,925664.88,141523.2
BRA0030874,0.0,0.0,0.0,0.0,0.0,0.0,0.0,0.0,0.0,0.0,0.0,107570.4
BRA0029432,0.0,0.0,0.0,0.0,0.0,0.0,0.0,0.0,275081.52,561482.88,570136.56,552451.2
BRA0028326,0.0,0.0,0.0,111720.0,2016.0,336.0,168.0,93072.0,253199.52,334056.24,309136.8,121195.2
BRA0029639,0.0,0.0,0.0,0.0,0.0,2017.68,10920.0,282912.0,581090.16,840918.96,694910.16,249480.0
BRA0029638,0.0,0.0,0.0,0.0,0.0,0.0,6888.0,201600.0,346486.56,946715.28,1021831.44,479152.8
BRA0028753,0.0,0.0,0.0,0.0,0.0,0.0,0.0,0.0,0.0,0.0,0.0,244423.2
BRA0000917,1580964.0,4315150.56,3819816.0,4040064.0,4923072.0,3607800.0,4483584.0,4933152.0,3190992.0,2352504.0,1537872.0,2760962.4
BRA0030455,0.0,0.0,0.0,0.0,0.0,0.0,0.0,0.0,70801.92,25068.96,0.0,0.0
BRA0030979,0.0,0.0,0.0,0.0,0.0,0.0,0.0,0.0,0.0,0.0,0.0,0.0
BRA0002537,0.0,0.0,0.0,0.0,0.0,0.0,0.0,0.0,0.0,0.0,0.0,789.6
BRA0028756,0.0,0.0,0.0,0.0,0.0,0.0,216048.0,308280.0,364056.0,325080.0,348264.0,321602.4
BRA0029736,0.0,0.0,0.0,0.0,0.0,0.0,0.0,0.0,29736.0,3895248.0,11302368.0,9560476.8
BRA0027484,0.0,0.0,851424.0,1308216.0,1390872.0,1070160.0,1326024.0,1315104.0,888216.0,887544.0,800016.0,983304.0
BRA0001113,314571.6,717385.2,682752.0,888888.0,1012536.0,842688.0,931896.0,700056.0,795648.0,426720.0,385728.0,590620.8
BRA0002873,757291.92,2583539.28,2333856.0,2652216.0,3142608.0,2738568.0,3813432.0,3169824.0,1866312.0,1290240.0,1271424.0,2765817.6
BRA0030691,0.0,0.0,0.0,0.0,0.0,0.0,0.0,0.0,0.0,0.0,0.0,97003.2
BRA0030305,0.0,0.0,0.0,0.0,0.0,0.0,0.0,33936.0,117341.28,147774.48,143808.0,133543.2
BRA0027003,0.0,271824.0,966504.0,159264.0,0.0,0.0,3192.0,1762320.0,2021090.4,3010428.96,3398324.16,138583.2
BRA0030306,0.0,0.0,0.0,0.0,0.0,0.0,0.0,29568.0,127367.52,143712.24,145326.72,137054.4
BRA0027243,46856.88,4299.12,30408.0,135744.0,1176.0,3192.0,179424.0,561792.0,2311468.32,2709767.76,2650823.28,2123536.8
BRA0031079,0.0,0.0,0.0,0.0,0.0,0.0,0.0,0.0,0.0,0.0,0.0,0.0
BRA0030202,0.0,0.0,0.0,0.0,0.0,0.0,0.0,0.0,2448657.12,2411839.92,1151619.84,1908597.6
BRA0030203,0.0,0.0,0.0,0.0,0.0,0.0,0.0,0.0,1368195.36,2598319.92,1005264.96,1484834.4
BRA0000866,621568.08,2662512.72,2109240.0,1925112.0,2055312.0,1305864.0,2054808.0,1713768.0,1889328.0,1850184.0,1480416.0,1305679.2
BRA0001356,2220909.6,2280880.56,5975760.0,4911984.0,4734912.0,5083008.0,7156128.0,2745624.0,5053272.0,6773928.0,6898248.0,6321252.0
BRA0000764,693072.24,1772195.04,1384152.0,1751904.0,2100504.0,1950816.0,1781472.0,1945104.0,1812552.0,1660680.0,1495200.0,2490600.0
BRA0030443,0.0,0.0,0.0,0.0,0.0,0.0,0.0,0.0,82696.32,122119.2,111488.16,0.0
BRA0001084,72115.68,334847.52,272832.0,189000.0,630336.0,879648.0,605808.0,498624.0,396312.0,323568.0,245280.0,442209.6
BRA0035736,0.0,0.0,0.0,0.0,0.0,0.0,0.0,0.0,596129.52,1127076.72,1246791.84,517893.6
BRA0001574,1139651.52,2463352.08,2896824.0,2623152.0,2881536.0,2082360.0,2350824.0,2548224.0,1396416.0,1427160.0,1132488.0,1500928.8
BRA0002563,192059.28,411846.96,326256.0,343224.0,428064.0,308448.0,362544.0,347256.0,321720.0,248640.0,209328.0,239349.6
BRA0030120,0.0,0.0,0.0,0.0,0.0,0.0,0.0,0.0,0.0,1296492.96,852126.24,97154.4
BRA0002060,0.0,0.0,0.0,0.0,0.0,0.0,0.0,0.0,0.0,0.0,0.0,125546.4
BRA0030284,0.0,0.0,0.0,0.0,0.0,0.0,0.0,54768.0,83927.76,82876.08,81345.6,90216.0
BRA0030043,0.0,0.0,0.0,0.0,0.0,0.0,0.0,0.0,0.0,0.0,0.0,817252.8
BRA0026829,9868.32,25710.72,50736.0,41832.0,44688.0,43680.0,43176.0,39144.0,23093.28,6.72,3.36,0.0
BRA0030041,0.0,0.0,0.0,0.0,0.0,0.0,0.0,0.0,0.0,0.0,0.0,992812.8
BRA0030281,0.0,0.0,0.0,0.0,0.0,0.0,0.0,50904.0,91625.52,79511.04,78630.72,87242.4
BRA0030800,0.0,0.0,0.0,0.0,0.0,0.0,0.0,0.0,0.0,0.0,0.0,3660384.0
BRA0027093,573419.28,2288430.48,1895880.0,2180472.0,2154768.0,2207200.8,1925280.0,1487136.0,2603702.64,2409960.0,2262975.12,2104771.2
BRA0028444,0.0,0.0,0.0,0.0,0.0,0.0,67704.0,145152.0,139104.0,155030.4,155028.72,156004.8
BRA0028443,0.0,0.0,0.0,0.0,0.0,0.0,0.0,62832.0,250293.12,283775.52,287537.04,283365.6
BRA0027985,0.0,0.0,0.0,0.0,0.0,0.0,0.0,0.0,0.0,0.0,0.0,0.0
BRA0028441,0.0,0.0,0.0,0.0,0.0,36624.0,110712.0,106680.0,170298.24,184495.92,136631.04,83260.8
BRA0028440,0.0,0.0,0.0,0.0,0.0,0.0,6720.0,65184.0,101752.56,116014.08,111024.48,62445.6
BRA0028724,0.0,0.0,0.0,0.0,0.0,0.0,0.0,0.0,0.0,0.0,0.0,20932.8
BRA0030912,0.0,0.0,0.0,0.0,0.0,0.0,0.0,0.0,0.0,0.0,0.0,116793.6
BRA0030330,0.0,0.0,0.0,0.0,0.0,0.0,0.0,0.0,0.0,0.0,0.0,80556.0
BRA0002158,432552.96,954439.92,1069656.0,1100400.0,1220184.0,1131480.0,1442952.0,1113000.0,1245552.0,640584.0,920976.0,1432670.4
BRA0027196,220906.56,473064.48,401688.0,369264.0,531888.0,285768.0,455952.0,409248.0,377160.0,240408.0,184800.0,243432.0
BRA0030336,0.0,0.0,0.0,0.0,0.0,0.0,0.0,0.0,0.0,0.0,0.0,81631.2
BRA0028031,681849.84,669058.32,107688.0,300216.0,790944.0,2677973.76,2776032.0,2702952.0,3506655.6,3770618.88,3162848.64,4078552.8
BRA0030339,0.0,0.0,0.0,0.0,0.0,0.0,0.0,0.0,0.0,0.0,0.0,183036.0
BRA0030296,0.0,0.0,0.0,0.0,0.0,0.0,330624.0,421848.0,498792.0,449400.0,487200.0,456355.2
BRA0029641,0.0,0.0,0.0,0.0,0.0,0.0,12432.0,200424.0,337170.96,991060.56,1010704.8,495381.6
BRA0028528,0.0,0.0,1512.0,25536.0,0.0,0.0,0.0,0.0,0.0,0.0,0.0,168.0
BRA0028529,0.0,0.0,0.0,19488.0,0.0,0.0,0.0,0.0,0.0,0.0,0.0,117.6
BRA0028038,405148.8,570998.4,158760.0,444696.0,340536.0,324744.0,840.0,527352.0,616840.56,1104017.04,613502.4,5913.6
BRA0002787,0.0,0.0,0.0,0.0,0.0,0.0,0.0,0.0,0.0,1146815.04,1604935.92,1617554.4
BRA0001161,17999031.12,45242146.32,43010520.0,44597280.0,43814904.0,27460272.0,42843360.0,43011528.0,45350760.0,39652536.0,39588864.0,48898584.0
BRA0030350,0.0,0.0,0.0,0.0,0.0,0.0,55104.0,95928.0,95953.2,102520.32,82918.08,0.0
BRA0000060,0.0,0.0,0.0,0.0,0.0,0.0,0.0,0.0,0.0,0.0,0.0,258216.0
BRA0030355,0.0,0.0,0.0,0.0,0.0,0.0,0.0,0.0,0.0,0.0,0.0,0.0
BRA0002958,0.0,0.0,0.0,0.0,0.0,0.0,0.0,0.0,0.0,0.0,0.0,534223.2
BRA0000783,0.0,0.0,0.0,0.0,0.0,0.0,0.0,0.0,0.0,0.0,0.0,500488.8
BRA0030115,0.0,0.0,0.0,0.0,0.0,0.0,0.0,0.0,0.0,0.0,0.0,362191.2
BRA0000771,0.0,0.0,0.0,0.0,0.0,0.0,0.0,0.0,0.0,0.0,0.0,226917.6
BRA0000190,0.0,0.0,0.0,0.0,0.0,0.0,0.0,0.0,693336.0,1308048.0,1075872.0,487284.0
BRA0028225,0.0,0.0,0.0,7896.0,24360.0,1092356.16,1059408.0,1542072.0,2003050.56,2597498.4,2421617.52,1956830.4
BRA0030290,0.0,0.0,0.0,0.0,0.0,0.0,0.0,52080.0,86360.4,89898.48,92058.96,95659.2
BRA0002082,85100.4,126977.76,168.0,489048.0,18312.0,346580.64,22512.0,119112.0,421.68,327.6,131.04,1327.2
BRA0030295,0.0,0.0,0.0,0.0,0.0,0.0,0.0,0.0,0.0,0.0,0.0,91072.8
BRA0030053,0.0,0.0,0.0,0.0,0.0,0.0,0.0,0.0,0.0,0.0,0.0,8652.0
BRA0001401,257441.52,878450.16,705432.0,867888.0,781200.0,577080.0,705768.0,576240.0,645120.0,770952.0,686448.0,636316.8
BRA0030054,0.0,0.0,0.0,0.0,0.0,840.0,63504.0,575904.0,1550492.16,1653807.12,1636837.44,1575621.6
BRA0031344,0.0,0.0,0.0,0.0,0.0,0.0,0.0,0.0,0.0,0.0,0.0,156609.6
BRA0027968,112356.72,268534.56,629664.0,456624.0,509376.0,428568.0,555912.0,262584.0,571032.0,689976.0,668808.0,517608.0
BRA0029718,0.0,0.0,0.0,0.0,0.0,0.0,0.0,0.0,0.0,0.0,0.0,662474.4
BRA0029719,0.0,0.0,0.0,0.0,0.0,0.0,0.0,0.0,1328082.0,2332394.4,1669735.2,1385143.2
BRA0002715,2902134.48,3398369.52,1161888.0,0.0,4023096.0,5906376.0,7699104.0,5657232.0,7153608.0,7553448.0,7304304.0,8127890.4
BRA0028538,0.0,0.0,0.0,25872.0,0.0,0.0,0.0,0.0,0.0,0.0,0.0,218.4
BRA0029556,0.0,0.0,0.0,0.0,5208.0,0.0,2352.0,89040.0,124061.28,216800.64,218141.28,34339.2
BRA0001174,3644733.12,8835800.4,9136344.0,6385176.0,7898352.0,5479824.0,7861560.0,7166040.0,4796736.0,4177656.0,3713640.0,3173839.2
BRA0029554,0.0,0.0,0.0,0.0,4536.0,73584.0,5376.0,283920.0,463451.52,872141.76,685814.64,316411.2
BRA0029555,0.0,0.0,0.0,0.0,0.0,34272.0,4200.0,293664.0,491159.76,858893.28,483050.4,235468.8
BRA0002555,831067.44,1658929.44,1735272.0,1806504.0,2140992.0,1871856.0,2100168.0,1900080.0,2247504.0,1949808.0,2224152.0,2539404.0
BRA0028532,0.0,0.0,1344.0,24864.0,0.0,0.0,0.0,0.0,0.0,0.0,0.0,285.6
BRA0028531,0.0,0.0,0.0,21000.0,0.0,0.0,0.0,0.0,0.0,0.0,0.0,268.8
BRA0028530,0.0,0.0,1512.0,24864.0,0.0,0.0,0.0,0.0,0.0,0.0,0.0,285.6
BRA0028537,0.0,0.0,0.0,26208.0,0.0,0.0,0.0,0.0,0.0,0.0,0.0,252.0
BRA0028535,0.0,0.0,0.0,25536.0,0.0,0.0,0.0,0.0,0.0,0.0,0.0,201.6
BRA0028534,0.0,0.0,672.0,34608.0,0.0,0.0,0.0,0.0,0.0,0.0,0.0,268.8
BRA0000647,225912.96,514424.4,477792.0,542304.0,520800.0,474600.0,537600.0,473928.0,627480.0,539784.0,520800.0,657115.2
BRA0001079,247784.88,520003.68,475104.0,445032.0,675528.0,360024.0,494256.0,415128.0,395472.0,267960.0,221592.0,269220.0
BRA0028923,0.0,0.0,0.0,0.0,0.0,0.0,0.0,0.0,0.0,0.0,0.0,0.0
BRA0000203,261964.08,559900.32,581784.0,691656.0,749112.0,620928.0,791112.0,625632.0,712656.0,401856.0,576072.0,772312.8
BRA0029459,0.0,0.0,0.0,0.0,0.0,0.0,0.0,0.0,0.0,0.0,0.0,288204.0
BRA0030321,0.0,0.0,0.0,0.0,0.0,0.0,0.0,0.0,0.0,0.0,0.0,352598.4
BRA0026792,0.0,0.0,0.0,0.0,0.0,0.0,0.0,0.0,0.0,0.0,0.0,1305141.6
BRA0029499,0.0,0.0,0.0,0.0,0.0,0.0,0.0,0.0,269026.8,579094.32,574034.16,471273.6
BRA0029458,0.0,0.0,0.0,0.0,0.0,0.0,0.0,0.0,543312.0,459312.0,453600.0,841310.4
BRA0028029,0.0,65664.48,96432.0,5194560.0,275856.0,1884739.92,261912.0,2199456.0,4565794.8,6274452.24,6182988.0,1558149.6
BRA0029654,0.0,0.0,0.0,0.0,0.0,0.0,840.0,118608.0,690150.72,955478.16,920203.2,291429.6
BRA0028845,0.0,0.0,0.0,0.0,0.0,0.0,0.0,0.0,0.0,0.0,0.0,0.0
BRA0028424,0.0,0.0,0.0,0.0,74625.6,245822.64,265608.0,146664.0,119315.28,144066.72,140327.04,142682.4
BRA0030340,0.0,0.0,0.0,0.0,0.0,0.0,0.0,0.0,0.0,0.0,0.0,115449.6
BRA0029456,0.0,0.0,0.0,0.0,0.0,0.0,0.0,0.0,0.0,0.0,0.0,402948.0
BRA0000012,0.0,0.0,0.0,0.0,346920.0,315336.0,376320.0,252840.0,421848.0,549192.0,533400.0,386954.4
BRA0003045,860937.84,2276583.12,2110248.0,2119320.0,2394168.0,1827504.0,2251536.0,2196096.0,1585752.0,1188768.0,914760.0,1515763.2
BRA0027012,409904.88,566007.12,609168.0,681408.0,748104.0,681912.0,776496.0,452088.0,777504.0,973224.0,919632.0,815035.2
BRA0002887,0.0,0.0,74928.0,0.0,0.0,0.0,0.0,0.0,0.0,0.0,0.0,1307140.8
BRA0030348,0.0,0.0,0.0,0.0,0.0,0.0,0.0,54936.0,93576.0,98458.08,80707.2,0.0
BRA0030457,0.0,0.0,0.0,0.0,0.0,0.0,0.0,0.0,0.0,0.0,0.0,412036.8
BRA0027244,452786.88,1072747.2,1052688.0,1156512.0,1072176.0,775320.0,992208.0,951888.0,971880.0,1019088.0,918792.0,588084.0
BRA0001225,1108800.0,2602509.84,2566200.0,2670024.0,3130848.0,2458008.0,3075912.0,2891784.0,2245488.0,1705872.0,1279152.0,1986381.6
BRA0031193,0.0,0.0,0.0,0.0,0.0,0.0,0.0,0.0,0.0,385615.44,409311.84,212200.8
BRA0000955,36148.56,81945.36,78960.0,76944.0,84504.0,78301.44,72912.0,70896.0,81394.32,67646.88,65274.72,64764.0
BRA0001096,233429.28,737644.32,437472.0,1400616.0,423864.0,1098407.52,96600.0,1151304.0,1762383.84,1436509.2,1704368.4,832608.0
BRA0035614,1017873.36,1081668.0,1430856.0,1319304.0,1871520.0,1550304.0,1934856.0,841680.0,1513848.0,2650704.0,2498832.0,1934352.0
BRA0030511,0.0,0.0,0.0,0.0,0.0,0.0,0.0,0.0,0.0,0.0,0.0,183909.6
BRA0001007,2307409.44,5929938.0,5249328.0,5106024.0,6262032.0,4920552.0,5958624.0,6150480.0,3808728.0,2502696.0,1222200.0,3173637.6
BRA0030697,0.0,0.0,0.0,0.0,0.0,0.0,0.0,0.0,0.0,0.0,0.0,89628.0
BRA0030695,0.0,0.0,0.0,0.0,0.0,0.0,0.0,0.0,0.0,0.0,0.0,75667.2
BRA0001098,541171.68,1354725.12,1243704.0,1263192.0,1392888.0,917784.0,1212792.0,1191456.0,984312.0,750624.0,566832.0,913080.0
BRA0030945,0.0,0.0,0.0,0.0,0.0,0.0,0.0,0.0,0.0,0.0,0.0,615602.4
BRA0029461,0.0,0.0,0.0,0.0,0.0,0.0,0.0,0.0,0.0,0.0,0.0,0.0
BRA0032302,0.0,0.0,0.0,0.0,0.0,0.0,0.0,0.0,0.0,0.0,0.0,376051.2
BRA0002277,0.0,0.0,0.0,0.0,0.0,0.0,0.0,0.0,0.0,0.0,0.0,0.0
BRA0030599,0.0,0.0,0.0,0.0,0.0,0.0,0.0,0.0,0.0,0.0,0.0,0.0
BRA0028706,0.0,0.0,0.0,0.0,0.0,0.0,0.0,0.0,0.0,0.0,0.0,52248.0
BRA0029705,0.0,0.0,0.0,0.0,0.0,1176.0,336.0,276192.0,410676.0,900930.24,943560.24,309204.0
BRA0028014,0.0,0.0,0.0,0.0,3696.0,830586.96,970704.0,1368024.0,1769112.24,1528079.28,1720279.68,1643107.2
BRA0002406,0.0,0.0,0.0,0.0,0.0,0.0,0.0,0.0,0.0,0.0,0.0,0.0
BRA0001120,7198836.96,19021346.4,18636576.0,17901408.0,16895088.0,13972560.0,17780784.0,16121952.0,15029280.0,11895240.0,9159192.0,13579120.8
BRA0029144,0.0,0.0,0.0,0.0,0.0,0.0,0.0,0.0,0.0,0.0,0.0,0.0
BRA0028654,0.0,0.0,0.0,60816.0,0.0,18648.0,672.0,73416.0,113986.32,356195.28,228068.4,924.0
BRA0028655,0.0,0.0,0.0,0.0,2856.0,0.0,1008.0,84504.0,93055.2,191429.28,185324.16,30592.8
BRA0029668,0.0,0.0,0.0,0.0,0.0,840.0,336.0,260400.0,412811.28,901410.72,834351.84,378352.8
BRA0001946,0.0,0.0,0.0,0.0,0.0,0.0,0.0,224112.0,354604.32,799713.6,419134.8,0.0
BRA0029664,0.0,0.0,0.0,0.0,0.0,504.0,12768.0,323904.0,888528.48,1212637.44,953823.36,327062.4
BRA0030199,0.0,0.0,0.0,0.0,0.0,0.0,0.0,136416.0,259573.44,265752.48,274369.2,279921.6
BRA0027130,78827.28,252436.8,208824.0,251496.0,243768.0,200424.0,226128.0,198912.0,197736.0,199920.0,201264.0,164808.0
BRA0002077,178279.92,438256.56,377160.0,410424.0,475944.0,454776.0,444696.0,451248.0,427560.0,381024.0,388248.0,526797.6
BRA0030674,0.0,0.0,0.0,0.0,0.0,0.0,0.0,44184.0,3459960.0,7316232.0,11099592.0,12187593.6
