iso_code,country,count,total_capacity_gw,max_capacity_mw,count_distinct_fuel,count_distinct_name,count_distinct_owner,count_distinct_source,count_fuel_coal,capacity_gw_fuel_coal,count_fuel_gas,capacity_gw_fuel_gas,count_fuel_oil,capacity_gw_fuel_oil,count_fuel_petcoke,capacity_gw_fuel_petcoke,count_fuel_hydro,capacity_gw_fuel_hydro,count_fuel_nuclear,capacity_gw_fuel_nuclear,count_fuel_wind,capacity_gw_fuel_wind,count_fuel_solar,capacity_gw_fuel_solar,count_fuel_geothermal,capacity_gw_fuel_geothermal,count_fuel_biomass,capacity_gw_fuel_biomass,count_fuel_cogeneration,capacity_gw_fuel_cogeneration,count_fuel_waste,capacity_gw_fuel_waste,count_fuel_wave_and_tidal,capacity_gw_fuel_wave_and_tidal,count_fuel_storage,capacity_gw_fuel_storage,count_fuel_other,capacity_gw_fuel_other,count_null_name,count_null_gppd_idnr,count_null_capacity_mw,count_null_year_of_capacity_data,count_null_owner,count_null_source,count_null_url,count_null_latitude,count_null_longitude,count_null_fuel,count_wepp_id,capacity_gw_wepp_id,count_null_generation_gwh_all,count_generation_gwh_2013,count_generation_gwh_2014,count_generation_gwh_2015,count_generation_gwh_2016,count_generation_gwh_2017,count_generation_gwh_2018,count_generation_gwh_2019,count_generation_data_source,count_estimated_generation_gwh
AFG,Afghanistan,9,0.30055,100.0,3,9,1,2,0,0,1,0.042,0,0,0,0,6,0.23855,0,0,0,0,2,0.02,0,0,0,0,0,0,0,0,0,0,0,0,0,0,0,0,0,2,0,0,0,0,0,0,5,0.23255,9,0,0,0,0,0,0,0,0,0
ALB,Albania,8,1.529,600.0,2,8,1,1,0,0,0,0,0,0,0,0,7,1.431,0,0,0,0,0,0,0,0,0,0,0,0,0,0,0,0,0,0,1,0.098,0,0,0,8,0,0,0,0,0,0,8,1.529,0,0,0,0,0,0,0,0,0,8
DZA,Algeria,59,15.8738,1200.0,4,59,12,2,0,0,31,15.179,12,6.074,0,0,1,0.024,0,0,0,0,28,0.8208000000000001,0,0,0,0,0,0,0,0,0,0,0,0,0,0,0,0,0,59,0,0,0,0,0,0,25,12.913,0,0,0,0,0,0,0,0,0,59
ASM,American Samoa,0,,,,,,,,,,,,,,,,,,,,,,,,,,,,,,,,,,,,,,,,,,,,,,,,,,,,,,,,,,
AGO,Angola,14,1.0711799999999998,520.0,3,14,1,1,0,0,3,0.16368000000000002,6,0.1369,0,0,5,0.7706000000000001,0,0,0,0,0,0,0,0,0,0,0,0,0,0,0,0,0,0,0,0,0,0,0,14,0,0,0,0,0,0,9,0.83724,0,0,0,0,0,0,0,0,0,14
ATA,Antarctica,2,0.0076,6.6,2,2,2,2,0,0,0,0,1,0.0066,0,0,0,0,0,0,1,0.001,0,0,0,0,0,0,0,0,0,0,0,0,0,0,0,0,0,0,0,2,0,0,0,0,0,0,2,0.0076,2,0,0,0,0,0,0,0,0,0
ATG,Antigua and Barbuda,0,,,,,,,,,,,,,,,,,,,,,,,,,,,,,,,,,,,,,,,,,,,,,,,,,,,,,,,,,,
ARG,Argentina,236,32.913079,1982.2,8,236,78,2,14,7.4562800000000005,64,17.404600000000002,102,1.4652189999999998,0,0,53,10.012402,3,1.763,12,0.21168,7,0.5157,0,0,0,0,0,0,0,0,0,0,0,0,19,11.7712,0,0,0,5,0,0,0,0,0,0,154,23.463287000000008,0,0,0,0,0,0,0,0,0,236
ARM,Armenia,8,3.271,1110.0,3,8,6,2,0,0,3,1.931,0,0,0,0,4,0.965,1,0.375,0,0,0,0,0,0,0,0,0,0,0,0,0,0,0,0,0,0,0,0,0,8,0,0,0,0,0,0,3,1.643,0,0,0,0,0,0,0,0,0,8
ABW,Aruba,0,,,,,,,,,,,,,,,,,,,,,,,,,,,,,,,,,,,,,,,,,,,,,,,,,,,,,,,,,,
AUS,Australia,486,65.85201600000002,2640.0,8,485,197,2,28,25.543,134,20.011720000000004,42,1.0995699999999997,0,0,73,8.5213,0,0,65,5.73863,69,4.15967,0,0,25,0.5895,0,0,50,0.188626,0,0,0,0,0,0,0,0,0,486,0,0,0,0,0,0,317,53.96519600000001,1,217,229,239,247,242,250,0,269,257
AUT,Austria,103,11.2271,1272.0,3,103,5,5,0,0,3,2.067,0,0,0,0,96,9.0721,0,0,4,0.088,0,0,0,0,0,0,0,0,0,0,0,0,0,0,0,0,0,0,0,103,0,0,0,0,0,0,75,7.729,0,0,0,21,19,19,0,0,21,103
AZE,Azerbaijan,14,5.764,2400.0,3,14,1,1,0,0,8,2.39,2,3.18,0,0,5,0.974,0,0,0,0,0,0,0,0,0,0,0,0,0,0,0,0,0,0,0,0,0,0,0,14,0,0,0,0,0,0,14,5.764,0,0,0,0,0,0,0,0,0,14
BHS,Bahamas,0,,,,,,,,,,,,,,,,,,,,,,,,,,,,,,,,,,,,,,,,,,,,,,,,,,,,,,,,,,
BHR,Bahrain,8,7.5863000000000005,2204.0,3,8,5,3,0,0,6,7.574,1,0.0073,0,0,0,0,0,0,0,0,1,0.005,0,0,0,0,0,0,0,0,0,0,0,0,0,0,0,0,0,8,0,0,0,0,0,0,4,4.165,0,0,0,0,0,0,0,0,0,8
BGD,Bangladesh,57,11.84,1649.0,5,57,11,2,1,0.25,27,8.767,29,4.584,0,0,1,0.23,0,0,0,0,2,0.033,0,0,0,0,0,0,0,0,0,0,0,0,0,0,0,0,0,57,0,0,0,0,0,0,32,7.16,0,0,0,0,0,0,0,0,0,57
BRB,Barbados,0,,,,,,,,,,,,,,,,,,,,,,,,,,,,,,,,,,,,,,,,,,,,,,,,,,,,,,,,,,
BLR,Belarus,24,8.5349,2460.0,2,24,1,2,0,0,17,8.302,0,0,0,0,0,0,0,0,0,0,7,0.2329,0,0,0,0,0,0,0,0,0,0,0,0,0,0,0,0,0,7,0,0,0,0,0,0,16,8.122,0,0,0,0,0,0,0,0,0,24
BEL,Belgium,69,13.404800000000003,2910.0,9,69,1,3,1,0.47,20,3.8558000000000003,9,0.18199999999999997,0,0,11,1.3933000000000002,3,5.925800000000001,12,0.8753000000000001,3,0.1162,0,0,2,0.363,0,0,8,0.22340000000000002,0,0,0,0,0,0,0,0,0,69,0,0,0,0,0,0,41,9.872200000000003,0,0,0,19,17,17,0,0,21,69
BLZ,Belize,0,,,,,,,,,,,,,,,,,,,,,,,,,,,,,,,,,,,,,,,,,,,,,,,,,,,,,,,,,,
BEN,Benin,2,0.0605,40.5,2,2,1,1,0,0,1,0.0405,1,0.02,0,0,0,0,0,0,0,0,0,0,0,0,0,0,0,0,0,0,0,0,0,0,0,0,0,0,0,2,0,0,0,0,0,0,2,0.0605,0,0,0,0,0,0,0,0,0,2
BMU,Bermuda,0,,,,,,,,,,,,,,,,,,,,,,,,,,,,,,,,,,,,,,,,,,,,,,,,,,,,,,,,,,
BTN,Bhutan,5,1.4822,1020.0,1,5,1,1,0,0,0,0,0,0,0,0,5,1.4822,0,0,0,0,0,0,0,0,0,0,0,0,0,0,0,0,0,0,0,0,0,0,0,0,0,0,0,0,0,0,4,1.4182000000000001,5,0,0,0,0,0,0,0,0,0
BOL,Bolivia,26,1.56312,350.0,3,26,1,2,0,0,9,1.05342,0,0,0,0,14,0.4491,0,0,0,0,3,0.0606,0,0,0,0,0,0,0,0,0,0,0,0,0,0,0,0,0,3,0,0,0,0,0,0,21,1.36452,0,0,0,0,0,0,0,0,0,26
BIH,Bosnia and Herzegovina,20,3.9855,730.0,2,20,1,1,4,1.78,0,0,0,0,0,0,16,2.2055,0,0,0,0,0,0,0,0,0,0,0,0,0,0,0,0,0,0,0,0,0,0,0,0,0,0,0,0,0,0,17,3.3115,0,0,0,0,0,0,0,0,0,20
BWA,Botswana,2,0.746,732.0,1,2,2,1,2,0.746,0,0,0,0,0,0,0,0,0,0,0,0,0,0,0,0,0,0,0,0,0,0,0,0,0,0,0,0,0,0,0,2,0,0,0,0,0,0,1,0.014,0,0,0,0,0,0,0,0,0,2
BRA,Brazil,2360,147.58927132999986,8535.0,10,2267,1,2,19,2.7928810000000004,118,11.286004460000008,627,8.281470739999993,0,0,701,98.03938389999996,2,1.99,412,10.294953999999997,24,1.8073686300000003,0,0,444,12.843814599999993,0,0,12,0.106094,0,0,0,0,1,0.14730000000000001,0,0,0,20,0,0,0,0,0,0,794,100.53156073999992,0,0,0,0,0,0,0,0,0,2360
VGB,British Virgin Islands,0,,,,,,,,,,,,,,,,,,,,,,,,,,,,,,,,,,,,,,,,,,,,,,,,,,,,,,,,,,
BRN,Brunei Darussalam,4,0.586,246.0,1,4,1,1,0,0,4,0.586,0,0,0,0,0,0,0,0,0,0,0,0,0,0,0,0,0,0,0,0,0,0,0,0,0,0,0,0,0,0,0,0,0,0,0,0,3,0.34,0,0,0,0,0,0,0,0,0,4
BGR,Bulgaria,43,9.252199999999998,2000.0,5,43,10,3,11,4.859,0,0,0,0,0,0,7,1.958,1,2.0,1,0.156,23,0.2792,0,0,0,0,0,0,0,0,0,0,0,0,0,0,0,0,0,43,0,0,0,0,0,0,16,7.899,0,0,0,4,0,3,0,0,4,43
BFA,Burkina Faso,7,0.229306,64.0,3,7,2,2,0,0,0,0,3,0.146406,0,0,2,0.03,0,0,0,0,2,0.052899999999999996,0,0,0,0,0,0,0,0,0,0,0,0,0,0,0,0,0,7,0,0,0,0,0,0,5,0.176406,7,0,0,0,0,0,0,0,0,0
BDI,Burundi,4,0.05717,20.0,2,4,1,2,0,0,0,0,0,0,0,0,3,0.04957,0,0,0,0,1,0.0076,0,0,0,0,0,0,0,0,0,0,0,0,0,0,0,0,0,4,0,0,0,0,0,0,3,0.04957,4,0,0,0,0,0,0,0,0,0
KHM,Cambodia,16,1.5175999999999998,405.0,6,16,6,5,2,0.505,0,0,3,0.0536,0,0,5,0.909,0,0,0,0,3,0.0228,0,0,1,0.002,0,0,2,0.0252,0,0,0,0,0,0,0,0,0,16,0,0,0,0,0,0,4,0.471,0,0,0,0,0,0,0,0,0,16
CMR,Cameroon,8,0.88158,396.0,3,8,1,1,0,0,1,0.2,4,0.051379999999999995,0,0,3,0.6302000000000001,0,0,0,0,0,0,0,0,0,0,0,0,0,0,0,0,0,0,0,0,0,0,0,8,0,0,0,0,0,0,8,0.88158,0,0,0,0,0,0,0,0,0,8
CAN,Canada,1159,143.57869999999997,5616.0,10,1150,471,3,15,9.772,75,19.7864,9,2.344,0,0,556,80.68300000000004,6,14.254,241,12.133800000000003,143,1.8266000000000002,0,0,111,2.7418999999999993,0,0,0,0,1,0.02,0,0,2,0.017,0,0,0,34,0,0,0,0,0,0,838,124.00629999999997,1,0,0,0,0,0,0,0,0,1158
CPV,Cape Verde,4,0.09280500000000001,66.23,2,3,1,3,0,0,0,0,3,0.08780500000000001,0,0,0,0,0,0,0,0,1,0.005,0,0,0,0,0,0,0,0,0,0,0,0,0,0,0,0,0,4,0,0,0,0,0,0,3,0.08780500000000001,4,0,0,0,0,0,0,0,0,0
CYM,Cayman Islands,0,,,,,,,,,,,,,,,,,,,,,,,,,,,,,,,,,,,,,,,,,,,,,,,,,,,,,,,,,,
CAF,Central African Republic,2,0.033664,19.3,2,2,1,1,0,0,0,0,1,0.014364,0,0,1,0.0193,0,0,0,0,0,0,0,0,0,0,0,0,0,0,0,0,0,0,0,0,0,0,0,2,0,0,0,0,0,0,1,0.014364,2,0,0,0,0,0,0,0,0,0
TCD,Chad,0,,,,,,,,,,,,,,,,,,,,,,,,,,,,,,,,,,,,,,,,,,,,,,,,,,,,,,,,,,
CHL,Chile,315,22.475648666999994,1001.7,8,312,131,2,14,4.8392686000000005,11,2.998107689,76,3.1488248780000005,5,2.4028775,99,6.41,0,0,18,0.8968200000000001,77,3.9537500000000008,0,0,22,0.3839,0,0,0,0,0,0,0,0,0,0,0,0,0,61,0,0,0,0,0,0,194,16.332724716999998,0,0,0,0,0,0,0,0,0,315
CHN,China,4235,1415.0673799999997,22500.0,8,4227,626,93,946,955.718,170,59.7745,6,1.6125,0,0,947,259.0256,12,33.402,835,50.99035999999999,1318,54.80181999999997,2,0.0261,0,0,0,0,0,0,0,0,0,0,0,0,0,0,0,4235,0,0,0,0,0,0,1480,1016.54608,0,0,0,0,0,0,0,0,0,4235
COL,Colombia,25,10.924,1246.0,5,25,13,3,5,1.393,5,2.553,1,0.188,0,0,12,6.694,0,0,0,0,2,0.096,0,0,0,0,0,0,0,0,0,0,0,0,0,0,0,0,0,25,0,0,0,0,0,0,21,10.334,0,0,0,0,0,0,0,0,0,25
COM,Comoros,0,,,,,,,,,,,,,,,,,,,,,,,,,,,,,,,,,,,,,,,,,,,,,,,,,,,,,,,,,,
COG,Congo,8,0.6259000000000001,300.0,3,8,1,1,0,0,2,0.336,2,0.0709,0,0,4,0.219,0,0,0,0,0,0,0,0,0,0,0,0,0,0,0,0,0,0,0,0,0,0,0,8,0,0,0,0,0,0,6,0.2806,0,0,0,0,0,0,0,0,0,8
COK,Cook Islands,0,,,,,,,,,,,,,,,,,,,,,,,,,,,,,,,,,,,,,,,,,,,,,,,,,,,,,,,,,,
CRI,Costa Rica,27,1.9684000000000001,234.45,4,27,1,2,0,0,0,0,3,0.46645,0,0,18,1.298,0,0,0,0,1,0.005,5,0.19895,0,0,0,0,0,0,0,0,0,0,0,0,0,0,0,1,0,0,0,0,0,0,26,1.9634,0,0,0,0,0,0,0,0,0,27
CIV,Cote DIvoire,8,1.203,294.0,2,8,1,1,0,0,3,0.604,0,0,0,0,5,0.599,0,0,0,0,0,0,0,0,0,0,0,0,0,0,0,0,0,0,0,0,0,0,0,0,0,0,0,0,0,0,8,1.203,0,0,0,0,0,0,0,0,0,8
HRV,Croatia,24,3.2745,522.0,4,24,1,1,1,0.33,4,0.5818,2,0.74,0,0,17,1.6227,0,0,0,0,0,0,0,0,0,0,0,0,0,0,0,0,0,0,0,0,0,0,0,0,0,0,0,0,0,0,24,3.2745,0,0,0,0,0,0,0,0,0,24
CUB,Cuba,14,3.7968,500.0,4,14,3,5,0,0,2,0.411,9,3.3666,0,0,0,0,0,0,1,0.010199999999999999,2,0.009,0,0,0,0,0,0,0,0,0,0,0,0,0,0,0,0,0,14,0,0,0,0,0,0,11,3.2878000000000003,0,0,0,0,0,0,0,0,0,14
CYP,Cyprus,3,1.468,868.0,2,3,1,1,0,0,1,0.868,2,0.6,0,0,0,0,0,0,0,0,0,0,0,0,0,0,0,0,0,0,0,0,0,0,0,0,0,0,0,0,0,0,0,0,0,0,2,1.008,0,0,0,0,0,0,0,0,0,3
CZE,Czech Republic,462,16.871700000000008,2133.0,6,462,355,27,22,8.363,3,1.32,0,0,0,0,8,1.827,2,4.173,0,0,427,1.1886999999999999,0,0,2,0.247,0,0,0,0,0,0,0,0,0,0,0,0,0,462,0,0,0,0,0,0,44,11.5353,450,0,0,11,11,11,0,0,12,0
COD,Democratic Republic of the Congo,15,3.0570399999999998,1775.0,3,15,7,5,0,0,1,0.025,1,0.01324,0,0,13,3.0188,0,0,0,0,0,0,0,0,0,0,0,0,0,0,0,0,0,0,0,0,0,0,0,15,0,0,0,0,0,0,8,0.9007999999999999,0,0,0,0,0,0,0,0,0,15
DNK,Denmark,47,8.0852,815.0,7,47,15,10,10,5.089,3,0.571,2,1.451,0,0,0,0,0,0,19,1.4081000000000001,12,0.2511,1,0.014,3,1.633,0,0,0,0,0,0,0,0,0,0,0,0,0,47,0,0,0,0,0,0,28,4.7275,0,0,0,14,14,12,0,0,14,47
DJI,Djibouti,1,0.107332,107.332,1,1,1,1,0,0,0,0,1,0.107332,0,0,0,0,0,0,0,0,0,0,0,0,0,0,0,0,0,0,0,0,0,0,0,0,0,0,0,1,0,0,0,0,0,0,1,0.107332,1,0,0,0,0,0,0,0,0,0
DMA,Dominica,0,,,,,,,,,,,,,,,,,,,,,,,,,,,,,,,,,,,,,,,,,,,,,,,,,,,,,,,,,,
DOM,Dominican Republic,15,1.85809,430.0,6,15,6,4,2,0.305,1,0.319,5,0.842,0,0,3,0.22709000000000001,0,0,1,0.052,3,0.113,0,0,0,0,0,0,0,0,0,0,0,0,0,0,0,0,0,15,0,0,0,0,0,0,10,1.0600900000000002,0,0,0,0,0,0,0,0,0,15
ECU,Ecuador,22,4.24548,1500.0,4,22,15,3,0,0,5,0.5256000000000001,6,0.46786,0,0,10,3.2543200000000003,0,0,0,0,2,0.05,0,0,0,0,0,0,0,0,0,0,0,0,0,0,0,0,0,22,0,0,0,0,0,0,20,4.19548,0,17,0,0,0,0,0,0,17,22
EGY,Egypt,62,34.1835,2754.0,5,62,1,2,0,0,33,29.077,5,1.0,0,0,4,2.8,0,0,1,0.547,20,0.8795,0,0,0,0,0,0,0,0,0,0,0,0,0,0,0,0,0,62,0,0,0,0,0,0,39,29.184,38,0,38,0,1,0,0,0,39,24
SLV,El Salvador,16,1.4185,324.0,4,16,1,2,0,0,0,0,2,0.4752,0,0,4,0.4693,0,0,0,0,8,0.27,2,0.204,0,0,0,0,0,0,0,0,0,0,0,0,0,0,0,8,0,0,0,0,0,0,8,1.1485,0,0,0,0,0,0,0,0,0,16
GNQ,Equatorial Guinea,3,0.1505,120.0,2,3,1,1,0,0,2,0.0305,0,0,0,0,1,0.12,0,0,0,0,0,0,0,0,0,0,0,0,0,0,0,0,0,0,0,0,0,0,0,3,0,0,0,0,0,0,3,0.1505,3,0,0,0,0,0,0,0,0,0
ERI,Eritrea,2,0.13319,100.09,1,2,1,1,0,0,0,0,2,0.13319,0,0,0,0,0,0,0,0,0,0,0,0,0,0,0,0,0,0,0,0,0,0,0,0,0,0,0,2,0,0,0,0,0,0,1,0.033100000000000004,0,0,0,0,0,0,0,0,0,2
EST,Estonia,17,2.5419,1369.0,3,17,6,2,0,0,2,0.423,2,1.841,0,0,0,0,0,0,13,0.2779,0,0,0,0,0,0,0,0,0,0,0,0,0,0,0,0,0,0,0,17,0,0,0,0,0,0,14,2.0219,0,0,0,2,2,2,0,0,2,17
ETH,Ethiopia,13,4.0239,1870.0,3,13,1,4,0,0,0,0,0,0,0,0,11,3.8125999999999998,0,0,1,0.204,0,0,1,0.0073,0,0,0,0,0,0,0,0,0,0,0,0,0,0,0,13,0,0,0,0,0,0,12,3.9599,0,0,0,0,0,0,0,0,0,13
FLK,Falkland Islands,0,,,,,,,,,,,,,,,,,,,,,,,,,,,,,,,,,,,,,,,,,,,,,,,,,,,,,,,,,,
FJI,Fiji,12,0.31738,160.0,4,12,3,1,0,0,0,0,4,0.07398,0,0,4,0.209,0,0,1,0.0101,0,0,0,0,3,0.024300000000000002,0,0,0,0,0,0,0,0,0,0,0,0,0,12,0,0,0,0,0,0,9,0.30007999999999996,12,0,0,0,0,0,0,0,0,0
FIN,Finland,185,11.796759999999999,1760.0,9,179,85,4,5,1.34,23,2.4541,40,4.4019,0,0,95,2.382320000000001,2,2.752,12,0.07660000000000002,0,0,0,0,41,2.3743399999999997,0,0,15,0.9897,0,0,0,0,4,0.2825,0,0,0,185,0,0,0,0,0,0,150,9.595460000000001,0,0,0,8,10,10,0,0,10,185
FRA,France,2155,110.6159288999998,5460.0,10,2053,3,6,5,3.575,9,5.007,5,4.388,0,0,429,19.505779900000014,19,63.13,721,9.062631999999992,817,4.910416999999997,1,0.0045,148,0.7926000000000007,0,0,0,0,1,0.24,0,0,0,0,0,0,0,2155,0,0,0,0,0,0,613,87.98165822999998,1,0,0,42,38,41,0,0,47,2154
GUF,French Guiana,6,0.2526,113.6,5,4,2,2,0,0,2,0.092,1,0.04,0,0,1,0.11359999999999999,0,0,0,0,1,0.005,0,0,1,0.002,0,0,0,0,0,0,0,0,0,0,0,0,0,6,0,0,0,0,0,0,5,0.2476,6,0,0,0,0,0,0,0,0,0
PYF,French Polynesia,0,,,,,,,,,,,,,,,,,,,,,,,,,,,,,,,,,,,,,,,,,,,,,,,,,,,,,,,,,,
GAB,Gabon,6,0.44681000000000004,160.0,3,6,1,1,0,0,2,0.1453,1,0.01551,0,0,3,0.286,0,0,0,0,0,0,0,0,0,0,0,0,0,0,0,0,0,0,0,0,0,0,0,6,0,0,0,0,0,0,5,0.37851,0,0,0,0,0,0,0,0,0,6
GMB,Gambia,2,0.0704,41.4,1,2,1,1,0,0,0,0,2,0.0704,0,0,0,0,0,0,0,0,0,0,0,0,0,0,0,0,0,0,0,0,0,0,0,0,0,0,0,2,0,0,0,0,0,0,1,0.0414,2,0,0,0,0,0,0,0,0,0
GEO,Georgia,19,3.8314,1300.0,2,19,1,1,0,0,3,1.25,0,0,0,0,16,2.5814,0,0,0,0,0,0,0,0,0,0,0,0,0,0,0,0,0,0,0,0,0,0,0,0,0,0,0,0,0,0,15,2.6304000000000003,0,0,0,0,0,0,0,0,0,19
DEU,Germany,1309,112.04037488000002,3430.0,10,1299,308,90,97,47.7741,181,24.435250000000007,26,3.2691999999999997,0,0,112,9.9841,7,11.171,25,5.059361999999999,735,6.770562880000001,0,0,53,1.6552999999999998,0,0,66,1.5888,0,0,0,0,11,0.7569,0,0,0,1309,0,0,0,0,0,0,368,69.11582528,0,0,0,61,94,71,0,0,97,1309
GHA,Ghana,6,2.108,1038.0,3,6,1,2,0,0,2,0.49,0,0,0,0,3,1.598,0,0,0,0,1,0.02,0,0,0,0,0,0,0,0,0,0,0,0,0,0,0,0,0,6,0,0,0,0,0,0,4,1.928,5,0,5,0,0,0,0,0,5,1
GIB,Gibraltar,0,,,,,,,,,,,,,,,,,,,,,,,,,,,,,,,,,,,,,,,,,,,,,,,,,,,,,,,,,,
GRC,Greece,90,14.658649999999998,1595.0,7,90,21,15,6,4.995,12,5.205,3,0.501,0,0,18,3.501,0,0,12,0.21495,38,0.21770000000000006,0,0,0,0,0,0,1,0.024,0,0,0,0,0,0,0,0,0,90,0,0,0,0,0,0,53,12.772149999999996,0,0,0,26,23,23,0,0,27,90
GRL,Greenland,0,,,,,,,,,,,,,,,,,,,,,,,,,,,,,,,,,,,,,,,,,,,,,,,,,,,,,,,,,,
GRD,Grenada,0,,,,,,,,,,,,,,,,,,,,,,,,,,,,,,,,,,,,,,,,,,,,,,,,,,,,,,,,,,
GUM,Guam,0,,,,,,,,,,,,,,,,,,,,,,,,,,,,,,,,,,,,,,,,,,,,,,,,,,,,,,,,,,
GTM,Guatemala,76,3.6891000000000003,300.0,8,76,3,4,5,0.5722,0,0,19,0.9833999999999999,0,0,30,1.0075999999999998,0,0,2,0.0711,3,0.115,2,0.0538,13,0.8800999999999999,0,0,2,0.005900000000000001,0,0,0,0,0,0,0,0,0,76,0,0,0,0,0,0,56,2.8731000000000004,0,0,0,0,72,0,0,0,72,76
GIN,Guinea,9,0.51042,240.0,2,9,1,1,0,0,0,0,3,0.09209999999999999,0,0,6,0.41831999999999997,0,0,0,0,0,0,0,0,0,0,0,0,0,0,0,0,0,0,0,0,0,0,0,9,0,0,0,0,0,0,7,0.45042000000000004,9,0,0,0,0,0,0,0,0,0
GNB,Guinea-Bissau,1,0.018237,18.237,1,1,1,1,0,0,0,0,1,0.018237,0,0,0,0,0,0,0,0,0,0,0,0,0,0,0,0,0,0,0,0,0,0,0,0,0,0,0,1,0,0,0,0,0,0,1,0.018237,1,0,0,0,0,0,0,0,0,0
GUY,Guyana,5,0.1363,36.3,2,5,1,1,0,0,0,0,4,0.10629999999999999,0,0,0,0,0,0,0,0,0,0,0,0,1,0.03,0,0,0,0,0,0,0,0,0,0,0,0,0,5,0,0,0,0,0,0,3,0.0923,5,0,0,0,0,0,0,0,0,0
HTI,Haiti,0,,,,,,,,,,,,,,,,,,,,,,,,,,,,,,,,,,,,,,,,,,,,,,,,,,,,,,,,,,
HND,Honduras,40,2.16487,371.0,8,40,7,9,0,0,1,0.039200000000000006,5,0.7886,0,0,12,0.5151700000000001,0,0,1,0.126,15,0.6044499999999999,1,0.039,4,0.05,0,0,1,0.0024500000000000004,0,0,0,0,0,0,0,0,0,40,0,0,0,0,0,0,18,1.08377,0,0,0,0,0,0,0,0,0,40
HKG,Hong Kong,0,,,,,,,,,,,,,,,,,,,,,,,,,,,,,,,,,,,,,,,,,,,,,,,,,,,,,,,,,,
HUN,Hungary,18,6.290700000000001,1886.8,5,18,4,3,3,1.194,8,2.9553000000000003,1,0.17,0,0,0,0,1,1.8868,0,0,5,0.0846,0,0,0,0,0,0,0,0,0,0,0,0,0,0,0,0,0,18,0,0,0,0,0,0,2,1.2417,0,0,0,7,5,5,0,0,7,18
ISL,Iceland,20,2.4846,690.0,2,20,5,1,0,0,0,0,0,0,0,0,14,1.9125999999999999,0,0,0,0,0,0,6,0.572,0,0,0,0,0,0,0,0,0,0,0,0,0,0,0,20,0,0,0,0,0,0,18,2.4626,0,0,0,0,0,0,0,0,0,20
IND,India,1589,316.0885459999999,4760.0,9,1589,271,191,253,204.91921999999994,70,25.597506000000003,208,204.00393499999996,0,0,233,45.56146999999999,9,8.78,108,3.6471499999999994,851,25.549099999999996,0,0,50,1.00326,1,0.26,0,0,0,0,0,0,0,0,0,0,0,1097,0,0,0,0,0,0,650,269.375456,0,0,392,414,424,428,436,0,437,1197
IDN,Indonesia,178,48.751418,5355.0,5,178,96,2,70,29.333,41,12.81,16,0.7068260000000001,0,0,41,4.559591999999999,0,0,0,0,0,0,10,1.342,0,0,0,0,0,0,0,0,0,0,0,0,0,0,0,178,0,0,0,0,0,0,117,35.080065000000005,0,0,0,0,0,0,0,0,0,178
IRN,Iran,107,61.3621,2800.0,6,102,13,14,0,0,60,38.003,19,12.2836,0,0,19,10.8575,1,1.0,1,0.1,8,0.091,0,0,0,0,0,0,0,0,0,0,0,0,0,0,0,0,0,107,0,0,0,0,0,0,68,38.883,0,0,0,1,0,0,0,0,1,107
IRQ,Iraq,28,18.1606,2100.0,3,27,4,17,0,0,15,11.646600000000001,15,11.116,0,0,8,2.574,0,0,0,0,0,0,0,0,0,0,0,0,0,0,0,0,0,0,0,0,0,0,0,28,0,0,0,0,0,0,18,9.959,0,0,0,0,0,0,0,0,0,28
IRL,Ireland,59,7.582149999999999,915.0,6,59,25,3,1,0.915,10,3.6925,6,1.1456,0,0,3,0.405,0,0,38,1.2870500000000002,0,0,0,0,1,0.137,0,0,0,0,0,0,0,0,0,0,0,0,0,59,0,0,0,0,0,0,50,6.53855,0,0,0,7,0,0,0,0,7,59
ISR,Israel,59,14.665799999999999,2590.0,5,59,14,17,2,4.84,18,9.213,3,2.142,0,0,0,0,0,0,2,0.042,37,0.5707999999999999,0,0,0,0,0,0,0,0,0,0,0,0,0,0,0,0,0,59,0,0,0,0,0,0,20,12.4795,0,0,0,0,0,0,0,0,0,59
ITA,Italy,396,73.09506,3446.0,8,396,42,45,9,9.012,57,38.57065,11,8.828700000000001,0,0,58,13.38418,0,0,1,0.10524,223,1.9526899999999996,33,0.857,0,0,0,0,0,0,0,0,0,0,4,0.3846,0,0,0,396,0,0,0,0,0,0,187,58.14610999999999,0,0,0,112,93,90,1,0,115,396
JAM,Jamaica,10,0.7925,347.5,5,10,5,3,0,0,1,0.12,4,0.599,0,0,3,0.0148,0,0,1,0.038700000000000005,1,0.02,0,0,0,0,0,0,0,0,0,0,0,0,0,0,0,0,0,10,0,0,0,0,0,0,9,0.7725,0,0,0,0,0,0,0,0,0,10
JPN,Japan,522,215.36585,8212.0,9,517,162,64,52,45.913,34,61.13275,33,49.624199999999995,0,0,55,27.439,16,42.537,6,0.15,324,5.686600000000001,14,0.5363,0,0,0,0,1,0.021,0,0,0,0,0,0,0,0,0,522,0,0,0,0,0,0,218,171.91144999999995,0,0,0,0,0,0,0,0,0,522
JOR,Jordan,33,4.7035,1031.0,3,33,1,2,0,0,7,3.754,1,0.382,0,0,0,0,0,0,0,0,25,0.5675,0,0,0,0,0,0,0,0,0,0,0,0,0,0,0,0,0,25,0,0,0,0,0,0,5,1.912,0,0,0,0,0,0,0,0,0,33
KAZ,Kazakhstan,33,18.628,4000.0,4,33,18,13,22,15.868,2,0.4,0,0,0,0,4,2.09,0,0,0,0,5,0.27,0,0,0,0,0,0,0,0,0,0,0,0,0,0,0,0,0,33,0,0,0,0,0,0,21,12.481,0,0,0,0,0,0,0,0,0,33
KEN,Kenya,23,2.4859,310.0,5,22,8,8,0,0,0,0,6,0.5555,0,0,8,0.7852,0,0,2,0.3355,1,0.0557,6,0.754,0,0,0,0,0,0,0,0,0,0,0,0,0,0,0,23,0,0,0,0,0,0,19,1.9352,0,0,0,0,0,0,0,0,0,23
KIR,Kiribati,0,,,,,,,,,,,,,,,,,,,,,,,,,,,,,,,,,,,,,,,,,,,,,,,,,,,,,,,,,,
KOS,Kosovo,2,1.478,800.0,1,2,1,1,2,1.478,0,0,0,0,0,0,0,0,0,0,0,0,0,0,0,0,0,0,0,0,0,0,0,0,0,0,0,0,0,0,0,0,0,0,0,0,0,0,2,1.478,0,0,0,0,0,0,0,0,0,2
KWT,Kuwait,9,17.8295,5805.0,3,9,1,2,0,0,8,17.8195,3,11.4235,0,0,0,0,0,0,0,0,1,0.01,0,0,0,0,0,0,0,0,0,0,0,0,0,0,0,0,0,9,0,0,0,0,0,0,7,17.0995,0,0,0,0,0,0,0,0,0,9
KGZ,Kyrgyzstan,8,3.634,1200.0,3,8,1,1,1,0.674,0,0,1,0.05,0,0,6,2.91,0,0,0,0,0,0,0,0,0,0,0,0,0,0,0,0,0,0,0,0,0,0,0,0,0,0,0,0,0,0,4,2.374,0,0,0,0,0,0,0,0,0,8
LAO,Laos,20,4.986860000000001,1878.0,2,20,11,4,1,1.878,0,0,0,0,0,0,19,3.10886,0,0,0,0,0,0,0,0,0,0,0,0,0,0,0,0,0,0,0,0,0,0,0,20,0,0,0,0,0,0,17,4.94766,20,0,0,0,0,0,0,0,0,0
LVA,Latvia,5,2.537,894.0,2,5,1,1,0,0,2,1.001,0,0,0,0,3,1.536,0,0,0,0,0,0,0,0,0,0,0,0,0,0,0,0,0,0,0,0,0,0,0,5,0,0,0,0,0,0,4,2.399,0,0,0,2,2,2,0,0,2,5
LBN,Lebanon,7,2.0703,642.8,2,7,1,1,0,0,2,0.94,7,2.0703,0,0,0,0,0,0,0,0,0,0,0,0,0,0,0,0,0,0,0,0,0,0,0,0,0,0,0,7,0,0,0,0,0,0,3,1.2875,0,0,0,0,0,0,0,0,0,7
LSO,Lesotho,1,0.072,72.0,1,1,1,1,0,0,0,0,0,0,0,0,1,0.072,0,0,0,0,0,0,0,0,0,0,0,0,0,0,0,0,0,0,0,0,0,0,0,1,0,0,0,0,0,0,1,0.072,1,0,0,0,0,0,0,0,0,0
LBR,Liberia,2,0.0733,60.0,2,2,1,1,0,0,0,0,1,0.013300000000000001,0,0,1,0.06,0,0,0,0,0,0,0,0,0,0,0,0,0,0,0,0,0,0,0,0,0,0,0,2,0,0,0,0,0,0,1,0.06,2,0,0,0,0,0,0,0,0,0
LBY,Libya,12,6.231,1440.0,2,12,1,1,0,0,9,5.916,12,6.231,0,0,0,0,0,0,0,0,0,0,0,0,0,0,0,0,0,0,0,0,0,0,0,0,0,0,0,12,0,0,0,0,0,0,6,3.061,0,0,0,0,0,0,0,0,0,12
LTU,Lithuania,6,3.4908,1800.0,2,6,1,1,0,0,4,2.49,0,0,0,0,2,1.0008,0,0,0,0,0,0,0,0,0,0,0,0,0,0,0,0,0,0,0,0,0,0,0,0,0,0,0,0,0,0,3,1.3608,0,0,0,0,2,2,0,0,2,6
LUX,Luxembourg,2,1.681,1296.0,2,2,1,1,0,0,1,0.385,0,0,0,0,1,1.296,0,0,0,0,0,0,0,0,0,0,0,0,0,0,0,0,0,0,0,0,0,0,0,0,0,0,0,0,0,0,1,1.296,0,0,0,1,1,1,0,0,1,2
MAC,Macao,0,,,,,,,,,,,,,,,,,,,,,,,,,,,,,,,,,,,,,,,,,,,,,,,,,,,,,,,,,,
MKD,Macedonia,12,1.3625999999999998,675.0,2,12,1,1,2,0.8,0,0,0,0,0,0,10,0.5625999999999999,0,0,0,0,0,0,0,0,0,0,0,0,0,0,0,0,0,0,0,0,0,0,0,0,0,0,0,0,0,0,10,1.3135999999999999,0,0,0,0,0,0,0,0,0,12
MDG,Madagascar,12,0.35993,120.0,5,12,3,3,1,0.12,2,0.02957,3,0.07271000000000001,0,0,5,0.11265,0,0,0,0,1,0.025,0,0,0,0,0,0,0,0,0,0,0,0,0,0,0,0,0,12,0,0,0,0,0,0,9,0.30534,12,0,0,0,0,0,0,0,0,0
MWI,Malawi,5,0.36910000000000004,128.0,3,5,1,1,0,0,1,0.0155,0,0,0,0,3,0.3436,0,0,0,0,0,0,0,0,1,0.01,0,0,0,0,0,0,0,0,0,0,0,0,0,5,0,0,0,0,0,0,4,0.3536,5,0,0,0,0,0,0,0,0,0
MYS,Malaysia,55,28.7945,4180.0,6,55,16,8,7,13.004,20,13.33,4,0.178,0,0,9,1.989,0,0,0,0,14,0.2815,0,0,1,0.012,0,0,0,0,0,0,0,0,0,0,0,0,0,55,0,0,0,0,0,0,28,14.1102,0,0,0,0,0,0,0,0,0,55
MDV,Maldives,0,,,,,,,,,,,,,,,,,,,,,,,,,,,,,,,,,,,,,,,,,,,,,,,,,,,,,,,,,,
MLI,Mali,4,0.3115,200.0,1,4,1,1,0,0,0,0,0,0,0,0,4,0.3115,0,0,0,0,0,0,0,0,0,0,0,0,0,0,0,0,0,0,0,0,0,0,0,0,0,0,0,0,0,0,4,0.3115,4,0,0,0,0,0,0,0,0,0
MLT,Malta,0,,,,,,,,,,,,,,,,,,,,,,,,,,,,,,,,,,,,,,,,,,,,,,,,,,,,,,,,,,
MTQ,Martinique,0,,,,,,,,,,,,,,,,,,,,,,,,,,,,,,,,,,,,,,,,,,,,,,,,,,,,,,,,,,
MRT,Mauritania,7,0.315804,120.0,4,7,1,2,0,0,1,0.12,3,0.132804,0,0,0,0,0,0,1,0.03,2,0.033,0,0,0,0,0,0,0,0,0,0,0,0,0,0,0,0,0,7,0,0,0,0,0,0,4,0.162804,7,0,0,0,0,0,0,0,0,0
MUS,Mauritius,23,0.989269,150.0,5,23,5,3,4,0.22469999999999998,0,0,5,0.49943600000000005,0,0,3,0.051383,0,0,0,0,6,0.1119,0,0,5,0.10185,0,0,0,0,0,0,0,0,0,0,0,0,0,23,0,0,0,0,0,0,16,0.665377,0,0,0,0,0,0,0,0,0,23
MEX,Mexico,277,62.36589999999999,2778.4,9,274,17,4,3,5.3784,61,25.674200000000006,23,11.522400000000001,0,0,73,12.442900000000002,1,1.51,20,1.5868,29,2.6712,5,0.9036000000000001,62,0.6763999999999999,0,0,0,0,0,0,0,0,0,0,0,0,0,26,0,0,0,0,0,0,167,38.65580000000001,0,0,0,0,0,0,0,0,0,277
MDA,Moldova,6,2.914,2520.0,4,6,1,1,1,2.52,3,0.33,3,2.826,0,0,2,0.064,0,0,0,0,0,0,0,0,0,0,0,0,0,0,0,0,0,0,0,0,0,0,0,6,0,0,0,0,0,0,5,2.898,0,0,0,0,0,0,0,0,0,6
MNG,Mongolia,8,0.904,570.0,3,8,4,3,3,0.804,0,0,0,0,0,0,0,0,0,0,1,0.05,4,0.05,0,0,0,0,0,0,0,0,0,0,0,0,0,0,0,0,0,8,0,0,0,0,0,0,2,0.62,0,0,0,0,0,0,0,0,0,8
MNE,Montenegro,3,0.8855,360.0,2,3,1,1,1,0.2185,0,0,0,0,0,0,2,0.667,0,0,0,0,0,0,0,0,0,0,0,0,0,0,0,0,0,0,0,0,0,0,0,0,0,0,0,0,0,0,3,0.8855,0,0,0,0,2,2,0,0,2,3
MSR,Montserrat,0,,,,,,,,,,,,,,,,,,,,,,,,,,,,,,,,,,,,,,,,,,,,,,,,,,,,,,,,,,
MAR,Morocco,45,8.697560000000001,2020.0,6,45,13,8,3,2.835,3,1.666,6,1.0773,0,0,18,1.6765,0,0,11,1.2097600000000002,6,1.005,0,0,0,0,0,0,0,0,0,0,0,0,0,0,0,0,0,45,0,0,0,0,0,0,26,5.9931,0,2,0,0,6,2,0,0,10,45
MOZ,Mozambique,3,2.285,2075.0,1,3,1,1,0,0,0,0,0,0,0,0,3,2.285,0,0,0,0,0,0,0,0,0,0,0,0,0,0,0,0,0,0,0,0,0,0,0,3,0,0,0,0,0,0,3,2.285,0,0,0,0,0,0,0,0,0,3
MMR,Myanmar,35,3.9871000000000003,790.0,5,35,4,6,2,0.165,12,1.0469000000000002,1,0.092,0,0,20,2.7251999999999996,0,0,0,0,1,0.05,0,0,0,0,0,0,0,0,0,0,0,0,0,0,0,0,0,35,0,0,0,0,0,0,26,3.3454,0,0,0,30,0,0,0,0,30,35
NAM,Namibia,13,0.5025,240.0,4,13,1,2,1,0.12,0,0,3,0.05990000000000001,0,0,1,0.24,0,0,0,0,8,0.08259999999999999,0,0,0,0,0,0,0,0,0,0,0,0,0,0,0,0,0,13,0,0,0,0,0,0,8,0.4305,0,0,0,0,0,0,0,0,0,13
NRU,Nauru,0,,,,,,,,,,,,,,,,,,,,,,,,,,,,,,,,,,,,,,,,,,,,,,,,,,,,,,,,,,
NPL,Nepal,14,0.5879500000000001,144.0,2,14,1,2,0,0,0,0,0,0,0,0,12,0.5579500000000001,0,0,0,0,2,0.03,0,0,0,0,0,0,0,0,0,0,0,0,0,0,0,0,0,2,0,0,0,0,0,0,9,0.4879,0,0,0,0,0,0,0,0,0,14
NLD,Netherlands,71,16.993689999999997,2465.0,6,71,10,9,5,5.015,12,9.312,0,0,0,0,0,0,1,0.485,40,1.9365899999999998,13,0.24509999999999998,0,0,3,3.23,0,0,0,0,0,0,0,0,0,0,0,0,0,71,0,0,0,0,0,0,42,13.049479999999999,0,0,0,12,24,8,0,0,28,71
NCL,New Caledonia,0,,,,,,,,,,,,,,,,,,,,,,,,,,,,,,,,,,,,,,,,,,,,,,,,,,,,,,,,,,
NZL,New Zealand,43,6.67455,800.0,6,43,5,5,1,0.5,3,0.507,1,0.155,0,0,24,4.388,0,0,7,0.45855,0,0,7,0.666,0,0,0,0,0,0,0,0,0,0,0,0,0,0,0,43,0,0,0,0,0,0,41,6.52955,0,0,0,0,0,0,0,0,0,43
NIC,Nicaragua,16,0.8634,82.0,6,16,1,2,0,0,1,0.065,8,0.40659999999999996,0,0,2,0.1044,0,0,0,0,1,0.0126,2,0.159,0,0,0,0,2,0.1158,0,0,0,0,0,0,0,0,0,1,0,0,0,0,0,0,10,0.565,0,0,0,0,0,0,0,0,0,16
NER,Niger,7,0.1672,54.0,3,7,1,2,1,0.0376,0,0,5,0.1226,0,0,0,0,0,0,0,0,1,0.007,0,0,0,0,0,0,0,0,0,0,0,0,0,0,0,0,0,7,0,0,0,0,0,0,5,0.10619999999999999,0,0,0,0,0,0,0,0,0,7
NGA,Nigeria,13,6.26,1074.0,3,13,6,4,0,0,9,4.35,0,0,0,0,3,1.9,0,0,0,0,1,0.01,0,0,0,0,0,0,0,0,0,0,0,0,0,0,0,0,0,13,0,0,0,0,0,0,11,6.025,0,0,0,0,0,0,0,0,0,13
NIU,Niue,0,,,,,,,,,,,,,,,,,,,,,,,,,,,,,,,,,,,,,,,,,,,,,,,,,,,,,,,,,,
PRK,North Korea,31,9.208,1600.0,2,31,5,2,16,5.403,0,0,0,0,0,0,15,3.805,0,0,0,0,0,0,0,0,0,0,0,0,0,0,0,0,0,0,0,0,0,0,0,31,0,0,0,0,0,0,13,4.821,0,0,0,0,0,0,0,0,0,31
NOR,Norway,306,32.551,1444.0,3,306,1,1,0,0,5,1.454,0,0,0,0,291,30.474,0,0,10,0.623,0,0,0,0,0,0,0,0,0,0,0,0,0,0,0,0,0,0,0,306,0,0,0,0,0,0,278,27.667,0,0,0,0,0,0,0,0,0,306
OMN,Oman,12,6.010800000000001,1021.0,2,12,1,3,0,0,9,4.872,0,0,0,0,0,0,0,0,0,0,3,1.1388000000000003,0,0,0,0,0,0,0,0,0,0,0,0,0,0,0,0,0,12,0,0,0,0,0,0,8,4.401,0,0,0,0,0,0,0,0,0,12
PAK,Pakistan,62,21.455,3478.0,7,62,23,19,7,3.108,13,2.853,14,4.853,0,0,13,7.9896,2,1.467,7,0.506,6,0.6784,0,0,0,0,0,0,0,0,0,0,0,0,0,0,0,0,0,62,0,0,0,0,0,0,33,14.768,0,0,0,0,0,0,0,0,0,62
PSE,Palestine,1,0.0076,7.6,1,1,1,1,0,0,0,0,0,0,0,0,0,0,0,0,0,0,1,0.0076,0,0,0,0,0,0,0,0,0,0,0,0,0,0,0,0,0,1,0,0,0,0,0,0,0,0,1,0,0,0,0,0,0,0,0,0
PAN,Panama,17,1.6332,300.0,5,17,1,2,1,0.12,1,0.16,4,0.26239999999999997,0,0,8,1.0629000000000002,0,0,0,0,3,0.027899999999999998,0,0,0,0,0,0,0,0,0,0,0,0,0,0,0,0,0,3,0,0,0,0,0,0,10,1.1821,0,0,0,0,0,0,0,0,0,17
PNG,Papua New Guinea,15,0.4069,75.0,4,15,6,7,0,0,1,0.072,7,0.1399,0,0,6,0.165,0,0,0,0,0,0,1,0.03,0,0,0,0,0,0,0,0,0,0,0,0,0,0,0,15,0,0,0,0,0,0,12,0.35,15,0,0,0,0,0,0,0,0,0
PRY,Paraguay,3,8.76,7000.0,1,3,3,2,0,0,0,0,0,0,0,0,3,8.76,0,0,0,0,0,0,0,0,0,0,0,0,0,0,0,0,0,0,0,0,0,0,0,3,0,0,0,0,0,0,1,0.21,0,0,0,0,0,0,0,0,0,3
PER,Peru,32,7.4321,952.3,5,32,21,2,1,0.132,9,4.262200000000001,0,0,0,0,14,2.7354000000000003,0,0,2,0.062,6,0.2405,0,0,0,0,0,0,0,0,0,0,0,0,0,0,0,0,0,32,0,0,0,0,0,0,25,5.5005,0,0,0,30,0,0,0,0,30,32
PHL,Philippines,123,20.719299999999997,1271.0,8,123,48,3,23,8.7313,5,3.411,17,2.0561,0,0,17,3.4011,0,0,2,0.0519,48,1.1963999999999997,9,1.8482,2,0.0233,0,0,0,0,0,0,0,0,0,0,0,0,0,123,0,0,0,0,0,0,54,13.13,0,0,0,0,0,0,0,0,0,123
POL,Poland,189,37.902,5472.0,7,188,64,54,76,31.359,16,1.906,2,0.655,0,0,32,2.078,0,0,59,2.174,9,0.017,0,0,16,5.98,0,0,0,0,0,0,0,0,0,0,0,0,0,189,0,0,0,0,0,0,35,23.131,0,0,0,36,28,29,0,0,37,189
PRT,Portugal,469,14.74486400000001,1296.0,8,462,3,4,2,1.978,4,3.829,0,0,0,0,122,2.760449999999997,0,0,224,4.942329999999999,72,0.6215839999999999,2,0.0288,19,0.45289999999999997,0,0,24,0.13179999999999997,0,0,0,0,0,0,0,0,0,469,0,0,0,0,0,0,291,11.065550000000009,0,0,0,8,10,10,0,0,10,469
PRI,Puerto Rico,0,,,,,,,,,,,,,,,,,,,,,,,,,,,,,,,,,,,,,,,,,,,,,,,,,,,,,,,,,,
QAT,Qatar,12,10.548,2730.0,1,12,1,1,0,0,12,10.548,0,0,0,0,0,0,0,0,0,0,0,0,0,0,0,0,0,0,0,0,0,0,0,0,0,0,0,0,0,0,0,0,0,0,0,0,7,5.966,0,0,0,0,0,0,0,0,0,12
REU,Reunion,0,,,,,,,,,,,,,,,,,,,,,,,,,,,,,,,,,,,,,,,,,,,,,,,,,,,,,,,,,,
ROU,Romania,68,14.6469,1650.0,6,68,7,4,10,5.807,8,3.352,0,0,0,0,10,3.332,1,1.298,3,0.386,36,0.47190000000000004,0,0,0,0,0,0,0,0,0,0,0,0,0,0,0,0,0,68,0,0,0,0,0,0,15,8.156,0,0,0,15,15,15,0,0,15,68
RUS,Russia,545,228.22005000000004,8865.0,10,545,152,13,99,46.97921999999999,266,113.43261999999999,79,51.792120000000004,0,0,105,45.59143999999999,10,28.168,3,0.0423,57,0.8407,3,0.074,4,2.073,0,0,0,0,0,0,0,0,2,0.0297,0,0,0,545,0,0,0,0,0,0,93,98.55755,9,0,0,0,0,0,0,0,0,536
RWA,Rwanda,11,0.19368000000000002,43.8,5,11,5,5,0,0,1,0.026,2,0.027800000000000002,0,0,6,0.1276,0,0,0,0,1,0.0085,0,0,0,0,0,0,1,0.00378,0,0,0,0,0,0,0,0,0,11,0,0,0,0,0,0,6,0.0818,11,0,0,0,0,0,0,0,0,0
SHN,Saint Helena,0,,,,,,,,,,,,,,,,,,,,,,,,,,,,,,,,,,,,,,,,,,,,,,,,,,,,,,,,,,
KNA,Saint Kitts and Nevis,0,,,,,,,,,,,,,,,,,,,,,,,,,,,,,,,,,,,,,,,,,,,,,,,,,,,,,,,,,,
LCA,Saint Lucia,1,0.003,3.0,1,1,1,1,0,0,0,0,0,0,0,0,0,0,0,0,0,0,1,0.003,0,0,0,0,0,0,0,0,0,0,0,0,0,0,0,0,0,1,0,0,0,0,0,0,0,0,1,0,0,0,0,0,0,0,0,0
SPM,Saint Pierre and Miquelon,0,,,,,,,,,,,,,,,,,,,,,,,,,,,,,,,,,,,,,,,,,,,,,,,,,,,,,,,,,,
VCT,Saint Vincent and the Grenadines,0,,,,,,,,,,,,,,,,,,,,,,,,,,,,,,,,,,,,,,,,,,,,,,,,,,,,,,,,,,
WSM,Samoa,0,,,,,,,,,,,,,,,,,,,,,,,,,,,,,,,,,,,,,,,,,,,,,,,,,,,,,,,,,,
STP,Sao Tome and Principe,0,,,,,,,,,,,,,,,,,,,,,,,,,,,,,,,,,,,,,,,,,,,,,,,,,,,,,,,,,,
SAU,Saudi Arabia,90,84.34154999999997,6794.0,3,90,17,4,0,0,35,40.36232,61,67.88875000000002,0,0,0,0,0,0,0,0,6,0.137,0,0,0,0,0,0,0,0,0,0,0,0,0,0,0,0,0,90,0,0,0,0,0,0,59,62.535500000000006,0,0,0,0,0,0,0,0,0,90
SEN,Senegal,10,0.69616,327.0,3,10,1,2,0,0,0,0,5,0.47046000000000004,0,0,1,0.12,0,0,0,0,4,0.10569999999999999,0,0,0,0,0,0,0,0,0,0,0,0,0,0,0,0,0,10,0,0,0,0,0,0,4,0.4551,0,0,0,0,0,0,0,0,0,10
SRB,Serbia,12,7.958,1730.0,2,12,1,1,8,5.568,0,0,0,0,0,0,4,2.39,0,0,0,0,0,0,0,0,0,0,0,0,0,0,0,0,0,0,0,0,0,0,0,12,0,0,0,0,0,0,7,3.478,0,0,0,8,0,0,0,0,8,12
SYC,Seychelles,0,,,,,,,,,,,,,,,,,,,,,,,,,,,,,,,,,,,,,,,,,,,,,,,,,,,,,,,,,,
SLE,Sierra Leone,3,0.126,53.0,2,3,2,2,0,0,0,0,2,0.076,0,0,1,0.05,0,0,0,0,0,0,0,0,0,0,0,0,0,0,0,0,0,0,0,0,0,0,0,3,0,0,0,0,0,0,3,0.126,3,0,0,0,0,0,0,0,0,0
SGP,Singapore,14,13.66,2807.0,3,14,1,1,0,0,8,9.552,3,3.95,0,0,0,0,0,0,0,0,0,0,0,0,0,0,0,0,3,0.158,0,0,0,0,0,0,0,0,0,0,0,0,0,0,0,0,10,10.725,0,0,0,0,0,0,0,0,0,14
SVK,Slovakia,30,6.230860000000001,880.0,5,30,1,2,2,1.398,3,0.728,0,0,0,0,21,2.32086,2,1.76,0,0,2,0.024,0,0,0,0,0,0,0,0,0,0,0,0,0,0,0,0,0,2,0,0,0,0,0,0,26,6.03326,0,0,0,0,0,5,0,0,5,30
SVN,Slovenia,8,2.736,1099.0,4,8,1,1,3,1.321,1,0.297,0,0,0,0,3,0.422,1,0.696,0,0,0,0,0,0,0,0,0,0,0,0,0,0,0,0,0,0,0,0,0,8,0,0,0,0,0,0,4,2.208,0,0,0,5,4,4,0,0,5,8
SLB,Solomon Islands,0,,,,,,,,,,,,,,,,,,,,,,,,,,,,,,,,,,,,,,,,,,,,,,,,,,,,,,,,,,
SOM,Somalia,0,,,,,,,,,,,,,,,,,,,,,,,,,,,,,,,,,,,,,,,,,,,,,,,,,,,,,,,,,,
ZAF,South Africa,104,50.4227,4116.0,10,104,63,40,17,39.794,2,0.342,3,2.238,0,0,6,2.01957,1,1.8,24,2.0309,44,2.3130400000000004,0,0,2,0.0136,0,0,6,0.04259,0,0,0,0,1,4.11,0,0,0,104,0,0,0,0,0,0,66,46.282019999999996,1,0,0,0,0,0,0,0,0,103
KOR,South Korea,132,99.47268000000001,5900.0,10,128,36,24,18,33.133,33,31.5529,3,4.655,0,0,36,6.06306,6,23.076,12,0.4011,17,0.1605,0,0,3,1.908,0,0,4,0.06912,1,0.254,0,0,0,0,0,0,0,132,0,0,0,0,0,0,87,72.3287,1,0,0,0,0,0,0,0,0,131
ESP,Spain,829,79.03506800000001,2016.9,9,825,324,2,15,8.78331,61,28.062494,27,5.200470999999999,0,0,124,15.659136000000005,5,7.12006,342,11.337380000000008,243,4.901313000000002,0,0,1,0.02,0,0,15,0.388054,0,0,0,0,0,0,0,0,0,829,0,0,0,0,0,0,475,64.22550799999999,0,0,0,53,52,52,0,0,54,829
LKA,Sri Lanka,48,3.7201000000000004,900.0,5,47,19,8,1,0.9,0,0,9,1.205,0,0,21,1.4417,0,0,14,0.12900000000000003,3,0.0444,0,0,0,0,0,0,0,0,0,0,0,0,0,0,0,0,0,48,0,0,0,0,0,0,30,2.1067,0,0,0,0,0,0,0,0,0,48
SDN,Sudan,19,2.7981100000000003,1250.0,4,18,1,1,0,0,1,0.319,10,0.8131,0,0,6,1.54001,0,0,0,0,0,0,0,0,2,0.126,0,0,0,0,0,0,0,0,0,0,0,0,0,19,0,0,0,0,0,0,11,1.9678099999999998,0,0,0,0,0,0,0,0,0,19
SUR,Suriname,1,0.005,5.0,1,1,1,1,0,0,0,0,0,0,0,0,0,0,0,0,0,0,1,0.005,0,0,0,0,0,0,0,0,0,0,0,0,0,0,0,0,0,1,0,0,0,0,0,0,0,0,0,0,0,0,0,0,0,0,0,1
SWZ,Swaziland,6,0.0948,20.8,2,6,1,1,0,0,0,0,0,0,0,0,3,0.0508,0,0,0,0,0,0,0,0,3,0.044,0,0,0,0,0,0,0,0,0,0,0,0,0,6,0,0,0,0,0,0,6,0.0948,6,0,0,0,0,0,0,0,0,0
SWE,Sweden,168,26.4187,3932.0,7,168,14,11,1,0.08,3,1.34,1,0.84,0,0,142,12.822899999999997,3,9.762,10,0.6971,0,0,0,0,8,0.8767,0,0,0,0,0,0,0,0,0,0,0,0,0,168,0,0,0,0,0,0,153,22.2555,0,0,0,0,21,22,0,0,22,168
CHE,Switzerland,168,13.118000000000002,1285.0,3,168,5,2,0,0,0,0,0,0,0,0,162,9.6678,4,3.43,0,0,2,0.0202,0,0,0,0,0,0,0,0,0,0,0,0,0,0,0,0,0,168,0,0,0,0,0,0,152,10.650630000000001,0,0,0,0,0,0,0,0,0,168
SYR,Syrian Arab Republic,18,7.966,1065.0,3,18,1,1,0,0,8,2.914,7,3.547,0,0,3,1.505,0,0,0,0,0,0,0,0,0,0,0,0,0,0,0,0,0,0,0,0,0,0,0,0,0,0,0,0,0,0,17,7.918,0,0,0,0,0,0,0,0,0,18
TWN,Taiwan,39,37.21186,5500.0,7,39,4,4,7,14.19,9,11.673,1,2.0,0,0,9,3.8255,3,5.214,7,0.19506,3,0.1143,0,0,0,0,0,0,0,0,0,0,0,0,0,0,0,0,0,39,0,0,0,0,0,0,23,26.81646,0,0,0,0,0,0,0,0,0,39
TJK,Tajikistan,10,5.296399999999999,3015.0,3,10,3,1,1,0.43,0,0,2,0.61,0,0,8,4.6864,0,0,0,0,0,0,0,0,0,0,0,0,0,0,0,0,0,0,0,0,0,0,0,10,0,0,0,0,0,0,9,5.1164,0,0,0,0,0,0,0,0,0,10
TZA,Tanzania,11,0.9945,207.5,3,11,2,2,0,0,4,0.3335,1,0.1,0,0,6,0.561,0,0,0,0,0,0,0,0,0,0,0,0,0,0,0,0,0,0,0,0,0,0,0,11,0,0,0,0,0,0,10,0.9765,0,0,0,0,0,0,0,0,0,11
THA,Thailand,196,39.654300000000006,4384.0,6,193,78,26,5,5.26,33,28.959,0,0,0,0,10,3.788,0,0,2,0.21,141,1.3487000000000011,0,0,5,0.0886,0,0,0,0,0,0,0,0,0,0,0,0,0,196,0,0,0,0,0,0,53,30.873900000000003,0,0,0,0,0,0,0,0,0,196
TLS,Timor-Leste,0,,,,,,,,,,,,,,,,,,,,,,,,,,,,,,,,,,,,,,,,,,,,,,,,,,,,,,,,,,
TGO,Togo,3,0.195114,101.214,3,3,1,1,0,0,1,0.028300000000000002,1,0.101214,0,0,1,0.06559999999999999,0,0,0,0,0,0,0,0,0,0,0,0,0,0,0,0,0,0,0,0,0,0,0,3,0,0,0,0,0,0,2,0.166814,0,0,0,0,0,0,0,0,0,3
TON,Tonga,0,,,,,,,,,,,,,,,,,,,,,,,,,,,,,,,,,,,,,,,,,,,,,,,,,,,,,,,,,,
TTO,Trinidad and Tobago,6,2.1446,852.0,2,6,3,2,0,0,5,2.1336,2,0.271,0,0,0,0,0,0,0,0,0,0,0,0,0,0,0,0,0,0,0,0,0,0,0,0,0,0,0,6,0,0,0,0,0,0,6,2.1446,0,0,0,0,0,0,0,0,0,6
TUN,Tunisia,27,5.0522,700.0,3,26,1,1,0,0,19,4.856,0,0,0,0,6,0.054200000000000005,0,0,2,0.142,0,0,0,0,0,0,0,0,0,0,0,0,0,0,0,0,0,0,0,27,0,0,0,0,0,0,25,4.9102,0,0,0,0,0,0,0,0,0,27
TUR,Turkey,163,51.4447,2795.0,7,163,36,3,24,17.707,22,18.691,3,0.8426,0,0,28,13.839,0,0,8,0.3905,68,0.6946,11,0.48,0,0,0,0,0,0,0,0,0,0,0,0,0,0,0,163,0,0,0,0,0,0,41,23.1865,0,0,0,0,0,0,0,0,0,163
TKM,Turkmenistan,7,3.454,1685.0,2,7,1,1,0,0,5,1.179,2,2.275,0,0,0,0,0,0,0,0,0,0,0,0,0,0,0,0,0,0,0,0,0,0,0,0,0,0,0,0,0,0,0,0,0,0,7,3.454,0,0,0,0,0,0,0,0,0,7
TCA,Turks and Caicos Islands,0,,,,,,,,,,,,,,,,,,,,,,,,,,,,,,,,,,,,,,,,,,,,,,,,,,,,,,,,,,
UGA,Uganda,11,0.7725,250.0,4,11,1,2,0,0,0,0,1,0.05,0,0,6,0.6665,0,0,0,0,3,0.044,0,0,1,0.012,0,0,0,0,0,0,0,0,0,0,0,0,0,11,0,0,0,0,0,0,8,0.7285,11,0,0,0,0,0,0,0,0,0
UKR,Ukraine,64,48.5698,6000.0,5,64,13,8,21,26.55,2,1.74,0,0,0,0,10,5.729,4,13.835,0,0,27,0.7158,0,0,0,0,0,0,0,0,0,0,0,0,0,0,0,0,0,64,0,0,0,0,0,0,30,43.154,0,0,0,0,0,0,0,0,0,64
ARE,United Arab Emirates,30,30.327,4889.0,3,30,14,2,0,0,24,29.487,24,29.487,0,0,0,0,0,0,0,0,6,0.84,0,0,0,0,0,0,0,0,0,0,0,0,0,0,0,0,0,30,0,0,0,0,0,0,17,20.081,0,0,0,0,0,0,0,0,0,30
GBR,United Kingdom,2751,97.15528448000005,2180.0,12,2738,1353,5,8,12.296,55,29.9163,11,0.37239999999999995,0,0,119,6.364904999999998,8,8.918,780,23.202481500000005,1170,8.674997980000002,0,0,227,3.5637,8,4.206,329,1.8855999999999995,7,0.038200000000000005,31,0.8966999999999999,0,0,0,0,0,2751,0,0,0,0,0,0,1095,62.468241729999995,38,0,0,4,5,2,0,0,8,2713
USA,United States of America,9833,1204.6380499999993,6809.0,14,9817,4596,15,360,285.13679999999994,2290,648.2862000000003,1731,367.0378999999994,30,19.7223,1481,104.45969999999998,58,104.23310000000001,1153,105.01529999999997,3333,46.61915000000014,65,3.8891999999999993,203,11.940099999999996,39,1.4019000000000001,640,22.18220000000003,0,0,155,5.1979,85,15.607800000000003,0,0,0,44,0,0,0,0,0,0,5083,1008.3461000000001,21,6145,6562,7011,7746,8370,8950,9659,9715,3172
URY,Uruguay,73,4.2091199999999995,945.0,6,73,1,1,0,0,3,0.26572,4,0.38574,0,0,4,1.538,0,0,39,1.3819500000000002,13,0.22501,0,0,10,0.4127,0,0,0,0,0,0,0,0,0,0,0,0,0,0,0,0,0,0,0,0,20,1.5100200000000001,0,0,0,0,0,0,0,0,0,73
UZB,Uzbekistan,16,12.64,3000.0,5,16,2,4,2,2.522,6,8.578,1,0.3,0,0,6,1.14,0,0,0,0,1,0.1,0,0,0,0,0,0,0,0,0,0,0,0,0,0,0,0,0,16,0,0,0,0,0,0,15,12.54,0,0,0,0,0,0,0,0,0,16
VUT,Vanuatu,0,,,,,,,,,,,,,,,,,,,,,,,,,,,,,,,,,,,,,,,,,,,,,,,,,,,,,,,,,,
VEN,Venezuela,43,31.096,8851.0,2,43,6,2,0,0,34,13.43,0,0,0,0,9,17.666,0,0,0,0,0,0,0,0,0,0,0,0,0,0,0,0,0,0,0,0,0,0,0,43,0,0,0,0,0,0,34,24.789,0,36,0,0,0,0,0,0,36,43
VNM,Vietnam,236,41.35049,2400.0,7,235,145,5,24,14.125,9,7.734,6,0.915,0,0,174,16.75009,0,0,5,0.188,16,1.6163999999999998,0,0,2,0.022,0,0,0,0,0,0,0,0,0,0,0,0,0,236,0,0,0,0,0,0,165,35.63959,0,0,0,0,156,0,0,0,156,236
ESH,Western Sahara,1,0.023399999999999997,23.4,1,1,1,1,0,0,0,0,1,0.023399999999999997,0,0,0,0,0,0,0,0,0,0,0,0,0,0,0,0,0,0,0,0,0,0,0,0,0,0,0,0,0,0,0,0,0,0,1,0.023399999999999997,1,0,0,0,0,0,0,0,0,0
YEM,Yemen,7,1.045,400.0,2,7,1,1,0,0,1,0.4,6,0.645,0,0,0,0,0,0,0,0,0,0,0,0,0,0,0,0,0,0,0,0,0,0,0,0,0,0,0,7,0,0,0,0,0,0,7,1.045,0,0,0,0,0,0,0,0,0,7
ZMB,Zambia,15,2.689337,990.0,5,15,4,3,1,0.3,0,0,7,0.1696,0,0,5,2.16,0,0,0,0,1,0.0475,0,0,1,0.012237,0,0,0,0,0,0,0,0,0,0,0,0,0,15,0,0,0,0,0,0,13,2.626837,0,0,0,0,0,0,0,0,0,15
ZWE,Zimbabwe,2,1.67,920.0,2,2,1,1,1,0.92,0,0,0,0,0,0,1,0.75,0,0,0,0,0,0,0,0,0,0,0,0,0,0,0,0,0,0,0,0,0,0,0,0,0,0,0,0,0,0,2,1.67,0,0,0,0,0,0,0,0,0,2
